COMP_TYPE,COMP_LOC,YEAR,RACE_DATE,RACE_TEMP,RACE_HUMID,M_W,EVENT,STAGE,RACE_NB,ATHLETE_NAME,ATHLETE_COUNTRY,ATHLETE_AGE,100M,200M,300M,400M,500M,600M,700M,800M
outdoor,Budapest (HUN),2023,22 August 2023,35,37,men,800-metres,heats,1.0,Mateusz BORKOWSKI,POL,26.0,12.78,24.63,38.32,53.06,1:05.03,1:18.25,1:31.85,1:45.40
outdoor,Budapest (HUN),2023,22 August 2023,35,37,men,800-metres,heats,1.0,Max BURGIN,GBR,21.0,12.49,24.33,37.47,50.81,1:04.33,1:17.93,1:31.61,1:45.43
outdoor,Budapest (HUN),2023,22 August 2023,35,37,men,800-metres,heats,1.0,Joseph DENG,AUS,25.0,12.46,24.34,37.59,51.86,1:04.43,1:17.99,1:31.74,1:45.48
outdoor,Budapest (HUN),2023,22 August 2023,35,37,men,800-metres,heats,1.0,Mark ENGLISH,IRL,30.0,12.69,24.62,38.20,51.68,1:05.39,1:18.78,1:32.33,1:45.71
outdoor,Budapest (HUN),2023,22 August 2023,35,37,men,800-metres,heats,1.0,Brad MATHAS,NZL,30.0,13.22,25.74,39.07,52.20,1:05.52,1:18.89,1:32.37,1:45.95
outdoor,Budapest (HUN),2023,22 August 2023,35,37,men,800-metres,heats,1.0,Dániel HULLER,HUN,22.0,12.60,24.37,37.72,50.93,1:04.44,1:18.02,1:32.26,1:47.41
outdoor,Budapest (HUN),2023,22 August 2023,35,37,men,800-metres,heats,1.0,Tom DRADRIGA,UGA,27.0,12.64,24.44,37.69,51.16,1:04.88,1:18.39,1:32.83,1:48.60
outdoor,Budapest (HUN),2023,22 August 2023,35,37,men,800-metres,heats,2.0,Alex Ngeno KIPNGETICH,KEN,23.0,12.63,25.68,40.97,57.61,1:09.69,1:22.37,1:35.01,1:47.63
outdoor,Budapest (HUN),2023,22 August 2023,35,37,men,800-metres,heats,2.0,Djamel SEDJATI,ALG,24.0,13.03,25.78,40.78,55.93,1:09.94,1:22.86,1:35.35,1:47.87
outdoor,Budapest (HUN),2023,22 August 2023,35,37,men,800-metres,heats,2.0,Saúl ORDÓÑEZ,ESP,29.0,12.69,25.45,40.62,55.28,1:09.31,1:22.61,1:35.19,1:47.97
outdoor,Budapest (HUN),2023,22 August 2023,35,37,men,800-metres,heats,2.0,Isaiah HARRIS,USA,27.0,12.63,25.52,40.44,56.08,1:09.76,1:22.64,1:35.25,1:48.00
outdoor,Budapest (HUN),2023,22 August 2023,35,37,men,800-metres,heats,2.0,John FITZSIMONS,IRL,25.0,12.80,25.42,40.36,55.39,1:09.37,1:22.70,1:35.45,1:48.20
outdoor,Budapest (HUN),2023,22 August 2023,35,37,men,800-metres,heats,2.0,Ebrahim ALZOFAIRI,KUW,34.0,12.85,25.91,41.17,58.30,1:10.01,1:23.00,1:36.01,1:48.41
outdoor,Budapest (HUN),2023,22 August 2023,35,37,men,800-metres,heats,2.0,John RIVERA,PUR,25.0,12.77,25.58,40.72,55.61,1:09.42,1:22.56,1:35.29,1:48.83
outdoor,Budapest (HUN),2023,22 August 2023,35,37,men,800-metres,heats,2.0,Amel TUKA,BIH,33.0,12.87,25.68,40.80,55.69,1:09.67,1:23.01,1:35.81,1:49.01
outdoor,Budapest (HUN),2023,22 August 2023,35,37,men,800-metres,heats,2.0,Allan Ngitsi CHIRWA,MAW,28.0,13.07,26.11,41.18,56.03,1:10.08,1:23.62,1:37.41,1:51.62
outdoor,Budapest (HUN),2023,22 August 2023,35,37,men,800-metres,heats,3.0,Adrián BEN,ESP,25.0,13.30,26.01,39.15,52.19,1:05.64,1:18.95,1:32.39,1:45.37
outdoor,Budapest (HUN),2023,22 August 2023,35,37,men,800-metres,heats,3.0,Bryce HOPPEL,USA,26.0,12.71,24.85,37.88,51.20,1:05.19,1:19.02,1:32.29,1:45.56
outdoor,Budapest (HUN),2023,22 August 2023,35,37,men,800-metres,heats,3.0,Daniel ROWDEN,GBR,26.0,12.64,24.73,39.83,51.22,1:05.39,1:19.04,1:32.38,1:45.67
outdoor,Budapest (HUN),2023,22 August 2023,35,37,men,800-metres,heats,3.0,Filip OSTROWSKI,POL,22.0,13.06,25.41,38.34,53.31,1:05.44,1:19.23,1:32.59,1:45.76
outdoor,Budapest (HUN),2023,22 August 2023,35,37,men,800-metres,heats,3.0,Abdullahi HASSAN,CAN,21.0,12.68,25.17,38.28,51.52,1:05.57,1:19.47,1:33.31,1:46.33
outdoor,Budapest (HUN),2023,22 August 2023,35,37,men,800-metres,heats,3.0,Ferguson Cheruiyot ROTICH,KEN,34.0,13.53,26.27,39.31,52.44,1:06.02,1:19.59,1:33.33,1:46.53
outdoor,Budapest (HUN),2023,22 August 2023,35,37,men,800-metres,heats,3.0,Marino BLOUDEK,CRO,24.0,12.89,24.86,38.11,51.26,1:05.20,1:18.77,1:32.42,1:46.63
outdoor,Budapest (HUN),2023,22 August 2023,35,37,men,800-metres,heats,3.0,Ole Jakob SOLBU,NOR,20.0,12.76,24.75,37.56,51.14,1:05.32,1:19.49,1:34.50,1:51.66
outdoor,Budapest (HUN),2023,22 August 2023,35,37,men,800-metres,heats,4.0,Benjamin ROBERT,FRA,26.0,12.90,25.44,40.14,54.04,1:07.74,1:20.95,1:34.11,1:46.45
outdoor,Budapest (HUN),2023,22 August 2023,35,37,men,800-metres,heats,4.0,Ben PATTISON,GBR,22.0,12.79,25.51,40.24,54.18,1:07.93,1:21.21,1:34.10,1:46.57
outdoor,Budapest (HUN),2023,22 August 2023,35,37,men,800-metres,heats,4.0,Mohamed ATTAOUI,ESP,22.0,13.04,25.76,40.39,54.17,1:07.86,1:20.93,1:34.03,1:46.65
outdoor,Budapest (HUN),2023,22 August 2023,35,37,men,800-metres,heats,4.0,Emmanuel Kipkurui KORIR,KEN,28.0,12.96,25.64,40.67,54.71,1:08.24,1:21.01,1:33.96,1:46.78
outdoor,Budapest (HUN),2023,22 August 2023,35,37,men,800-metres,heats,4.0,Abdessalem AYOUNI,TUN,29.0,12.97,25.83,40.51,54.57,1:08.39,1:21.39,1:34.26,1:46.85
outdoor,Budapest (HUN),2023,22 August 2023,35,37,men,800-metres,heats,4.0,Clayton MURPHY,USA,28.0,12.73,25.40,40.12,54.07,1:07.77,1:20.72,1:33.72,1:47.06
outdoor,Budapest (HUN),2023,22 August 2023,35,37,men,800-metres,heats,4.0,Abedin MUJEZINOVI Ć,BIH,30.0,12.86,25.52,39.88,54.15,1:08.05,1:20.82,1:34.04,1:47.76
outdoor,Budapest (HUN),2023,22 August 2023,35,37,men,800-metres,heats,4.0,Riley MCGOWN,AUS,27.0,12.86,25.53,40.09,54.47,1:08.00,1:21.33,1:34.35,1:48.38
outdoor,Budapest (HUN),2023,22 August 2023,35,37,men,800-metres,heats,4.0,Faustino PRIETO ALFARO,GEQ,33.0,14.14,27.29,41.90,56.96,1:12.96,1:29.73,1:46.92,2:04.20
outdoor,Budapest (HUN),2023,22 August 2023,32,44,men,800-metres,heats,5.0,Abdelati EL GUESSE,MAR,30.0,13.35,25.76,39.94,53.86,1:06.99,1:19.78,1:32.81,1:45.24
outdoor,Budapest (HUN),2023,22 August 2023,32,44,men,800-metres,heats,5.0,Andreas KRAMER,SWE,26.0,13.07,26.00,39.99,54.48,1:07.25,1:20.05,1:32.95,1:45.42
outdoor,Budapest (HUN),2023,22 August 2023,32,44,men,800-metres,heats,5.0,Slimane MOULA,ALG,24.0,13.45,26.04,40.15,54.13,1:07.52,1:20.27,1:33.54,1:45.76
outdoor,Budapest (HUN),2023,22 August 2023,32,44,men,800-metres,heats,5.0,Francesco PERNICI,ITA,21.0,13.25,26.02,39.98,53.67,1:06.88,1:19.79,1:33.42,1:45.89
outdoor,Budapest (HUN),2023,22 August 2023,32,44,men,800-metres,heats,5.0,Peter BOL,AUS,29.0,13.05,26.12,40.20,54.32,1:07.70,1:20.36,1:33.29,1:46.75
outdoor,Budapest (HUN),2023,22 August 2023,32,44,men,800-metres,heats,5.0,James PRESTON,NZL,26.0,12.98,25.76,39.83,53.83,1:07.24,1:20.02,1:33.25,1:46.84
outdoor,Budapest (HUN),2023,22 August 2023,32,44,men,800-metres,heats,5.0,Handal ROBAN,VIN,21.0,13.27,26.31,40.30,54.31,1:07.82,1:20.54,1:33.52,1:46.86
outdoor,Budapest (HUN),2023,22 August 2023,32,44,men,800-metres,heats,5.0,Alex BEDDOES,COK,28.0,13.39,26.53,40.69,55.31,1:07.84,1:20.60,1:33.90,1:48.31
outdoor,Budapest (HUN),2023,22 August 2023,32,44,men,800-metres,heats,5.0,Justice DREISCHOR,ARU,26.0,14.07,27.13,41.15,55.06,1:09.90,1:26.36,1:43.51,1:59.56
outdoor,Budapest (HUN),2023,22 August 2023,32,44,men,800-metres,heats,6.0,Marco AROP,CAN,25.0,13.00,25.44,39.00,51.77,1:05.46,1:18.29,1:31.49,1:45.05
outdoor,Budapest (HUN),2023,22 August 2023,32,44,men,800-metres,heats,6.0,Simone BARONTINI,ITA,25.0,12.72,25.19,38.57,52.36,1:05.55,1:18.90,1:32.12,1:45.21
outdoor,Budapest (HUN),2023,22 August 2023,32,44,men,800-metres,heats,6.0,Yanis MEZIANE,FRA,22.0,12.69,24.92,39.57,51.50,1:05.38,1:18.37,1:32.03,1:45.30
outdoor,Budapest (HUN),2023,22 August 2023,32,44,men,800-metres,heats,6.0,Joonas RINNE,FIN,28.0,12.80,25.30,38.45,53.53,1:05.71,1:18.88,1:32.26,1:45.93
outdoor,Budapest (HUN),2023,22 August 2023,32,44,men,800-metres,heats,6.0,Balázs VINDICS,HUN,29.0,13.34,26.05,39.39,52.25,1:05.80,1:18.63,1:32.05,1:47.18
outdoor,Budapest (HUN),2023,22 August 2023,32,44,men,800-metres,heats,6.0,Eduardo RIBEIRO,BRA,23.0,12.47,24.72,37.92,51.40,1:05.36,1:19.31,1:33.11,1:47.75
outdoor,Budapest (HUN),2023,22 August 2023,32,44,men,800-metres,heats,6.0,Oussama NABIL,MAR,28.0,13.09,25.26,38.77,51.79,1:05.65,1:18.73,1:32.73,1:47.79
outdoor,Budapest (HUN),2023,22 August 2023,32,44,men,800-metres,heats,6.0,Abdullah Mohammed AL-YAARI,YEM,20.0,13.23,26.27,40.23,53.76,1:07.63,1:20.86,1:34.45,1:47.98
outdoor,Budapest (HUN),2023,22 August 2023,32,44,men,800-metres,heats,6.0,Mohammed DWEDAR,PLE,23.0,14.53,28.38,42.73,57.18,1:11.61,1:25.71,1:40.36,1:55.45
outdoor,Budapest (HUN),2023,24 August 2023,28,47,men,800-metres,semi-final,1.0,Slimane MOULA,ALG,24.0,12.71,24.58,39.48,50.54,1:04.23,1:17.10,1:30.71,1:43.93
outdoor,Budapest (HUN),2023,24 August 2023,28,47,men,800-metres,semi-final,1.0,Tshepiso MASALELA,BOT,24.0,12.57,24.96,37.60,51.08,1:04.71,1:17.52,1:30.97,1:44.14
outdoor,Budapest (HUN),2023,24 August 2023,28,47,men,800-metres,semi-final,1.0,Ben PATTISON,GBR,22.0,12.72,24.17,37.31,50.86,1:04.62,1:17.27,1:30.89,1:44.23
outdoor,Budapest (HUN),2023,24 August 2023,28,47,men,800-metres,semi-final,1.0,Mateusz BORKOWSKI,POL,26.0,13.03,25.47,38.13,51.37,1:05.00,1:17.93,1:31.28,1:44.30
outdoor,Budapest (HUN),2023,24 August 2023,28,47,men,800-metres,semi-final,1.0,Mohamed ATTAOUI,ESP,22.0,12.59,24.69,37.34,50.68,1:04.31,1:17.26,1:30.68,1:44.35
outdoor,Budapest (HUN),2023,24 August 2023,28,47,men,800-metres,semi-final,1.0,Benjamin ROBERT,FRA,26.0,12.67,24.96,37.62,51.02,1:04.71,1:17.69,1:30.93,1:44.38
outdoor,Budapest (HUN),2023,24 August 2023,28,47,men,800-metres,semi-final,1.0,Abdelati EL GUESSE,MAR,30.0,12.95,24.64,40.09,50.73,1:04.30,1:17.17,1:30.75,1:44.55
outdoor,Budapest (HUN),2023,24 August 2023,28,47,men,800-metres,semi-final,1.0,Joseph DENG,AUS,25.0,12.33,24.47,37.08,50.55,1:04.09,1:17.52,1:32.06,1:48.12
outdoor,Budapest (HUN),2023,24 August 2023,28,48,men,800-metres,semi-final,2.0,Marco AROP,CAN,25.0,12.66,24.29,37.56,49.16,1:04.88,1:18.25,1:30.68,1:44.02
outdoor,Budapest (HUN),2023,24 August 2023,28,48,men,800-metres,semi-final,2.0,Djamel SEDJATI,ALG,24.0,12.59,24.51,37.76,51.63,1:05.24,1:18.45,1:30.92,1:44.49
outdoor,Budapest (HUN),2023,24 August 2023,28,48,men,800-metres,semi-final,2.0,Saúl ORDÓÑEZ,ESP,29.0,12.86,24.70,37.76,51.03,1:05.49,1:18.72,1:31.28,1:44.74
outdoor,Budapest (HUN),2023,24 August 2023,28,48,men,800-metres,semi-final,2.0,Catalin TECUCEANU,ITA,24.0,12.97,24.48,38.09,51.77,1:05.66,1:19.01,1:31.56,1:44.79
outdoor,Budapest (HUN),2023,24 August 2023,28,48,men,800-metres,semi-final,2.0,Gabriel TUAL,FRA,25.0,12.66,24.55,37.85,51.80,1:05.40,1:18.78,1:31.60,1:44.83
outdoor,Budapest (HUN),2023,24 August 2023,28,48,men,800-metres,semi-final,2.0,Filip OSTROWSKI,POL,22.0,13.06,25.05,37.91,51.98,1:05.75,1:19.02,1:32.84,1:45.30
outdoor,Budapest (HUN),2023,24 August 2023,28,48,men,800-metres,semi-final,2.0,Daniel ROWDEN,GBR,26.0,12.65,24.46,40.22,51.57,1:05.09,1:17.76,1:31.30,1:45.38
outdoor,Budapest (HUN),2023,24 August 2023,28,48,men,800-metres,semi-final,2.0,Alex Ngeno KIPNGETICH,KEN,23.0,12.78,24.79,37.72,51.64,1:05.28,1:18.66,1:31.47,1:45.56
outdoor,Budapest (HUN),2023,24 August 2023,28,48,men,800-metres,semi-final,3.0,Emmanuel WANYONYI,KEN,19.0,12.40,24.49,38.09,49.73,1:03.29,1:16.63,1:30.35,1:43.83
outdoor,Budapest (HUN),2023,24 August 2023,28,48,men,800-metres,semi-final,3.0,Adrián BEN,ESP,25.0,12.69,24.73,37.52,50.28,1:03.93,1:17.83,1:30.96,1:43.92
outdoor,Budapest (HUN),2023,24 August 2023,28,48,men,800-metres,semi-final,3.0,Bryce HOPPEL,USA,26.0,12.55,23.92,36.63,49.53,1:03.12,1:17.73,1:30.54,1:44.04
outdoor,Budapest (HUN),2023,24 August 2023,28,48,men,800-metres,semi-final,3.0,Yanis MEZIANE,FRA,22.0,12.39,24.14,36.71,49.61,1:03.45,1:17.78,1:30.70,1:44.30
outdoor,Budapest (HUN),2023,24 August 2023,28,48,men,800-metres,semi-final,3.0,Simone BARONTINI,ITA,25.0,12.48,24.83,37.62,50.41,1:04.04,1:17.93,1:30.81,1:44.34
outdoor,Budapest (HUN),2023,24 August 2023,28,48,men,800-metres,semi-final,3.0,Andreas KRAMER,SWE,26.0,12.56,24.39,37.26,49.99,1:03.71,1:18.22,1:31.18,1:44.57
outdoor,Budapest (HUN),2023,24 August 2023,28,48,men,800-metres,semi-final,3.0,Mark ENGLISH,IRL,30.0,12.49,24.15,36.82,49.71,1:03.45,1:18.04,1:30.93,1:45.14
outdoor,Budapest (HUN),2023,24 August 2023,28,48,men,800-metres,semi-final,3.0,Max BURGIN,GBR,21.0,12.40,23.92,36.48,49.41,1:02.98,1:17.95,1:31.73,1:47.60
outdoor,Budapest (HUN),2023,25 August 2023,29,54,women,800-metres,semi-final,1.0,Keely HODGKINSON,GBR,21.0,13.38,26.85,42.50,58.36,1:13.98,1:29.12,1:43.83,1:58.48
outdoor,Budapest (HUN),2023,25 August 2023,29,54,women,800-metres,semi-final,1.0,Nia AKINS,USA,25.0,13.49,26.87,42.53,58.48,1:14.18,1:29.35,1:44.16,1:58.61
outdoor,Budapest (HUN),2023,25 August 2023,29,54,women,800-metres,semi-final,1.0,Noélie YARIGO,BEN,38.0,13.59,27.02,42.65,58.49,1:14.06,1:29.25,1:44.05,1:59.43
outdoor,Budapest (HUN),2023,25 August 2023,29,54,women,800-metres,semi-final,1.0,Worknesh MESELE,ETH,22.0,14.04,27.36,43.03,58.86,1:14.73,1:29.80,1:44.93,1:59.54
outdoor,Budapest (HUN),2023,25 August 2023,29,54,women,800-metres,semi-final,1.0,Eveliina MÄÄTTÄNEN,FIN,28.0,13.93,27.26,42.73,58.63,1:14.42,1:29.49,1:44.38,1:59.81
outdoor,Budapest (HUN),2023,25 August 2023,29,54,women,800-metres,semi-final,1.0,Catriona BISSET,AUS,29.0,13.56,27.04,42.69,58.67,1:14.58,1:29.49,1:44.65,1:59.94
outdoor,Budapest (HUN),2023,25 August 2023,29,54,women,800-metres,semi-final,1.0,Anita HORVAT,SLO,27.0,13.54,26.90,42.63,58.47,1:14.35,1:29.41,1:44.53,2:00.54
outdoor,Budapest (HUN),2023,25 August 2023,29,54,women,800-metres,semi-final,1.0,Flavia Maria DE LIMA,BRA,30.0,14.60,28.29,43.30,59.04,1:14.81,1:29.78,1:44.93,2:00.77
outdoor,Budapest (HUN),2023,25 August 2023,29,54,women,800-metres,semi-final,2.0,Jemma REEKIE,GBR,25.0,13.58,27.92,44.77,1:01.44,1:17.11,1:31.69,1:46.15,2:00.28
outdoor,Budapest (HUN),2023,25 August 2023,29,54,women,800-metres,semi-final,2.0,Raevyn ROGERS,USA,27.0,13.45,27.84,44.58,1:01.26,1:16.90,1:31.66,1:45.89,2:00.47
outdoor,Budapest (HUN),2023,25 August 2023,29,54,women,800-metres,semi-final,2.0,Natoya GOULE-TOPPIN,JAM,32.0,13.55,27.65,44.57,1:01.18,1:16.83,1:31.43,1:45.81,2:00.78
outdoor,Budapest (HUN),2023,25 August 2023,29,54,women,800-metres,semi-final,2.0,Habitam ALEMU,ETH,26.0,13.99,27.97,44.97,1:01.65,1:17.26,1:31.42,1:45.93,2:01.02
outdoor,Budapest (HUN),2023,25 August 2023,29,54,women,800-metres,semi-final,2.0,Lore HOFFMANN,SUI,27.0,13.82,28.28,45.05,1:01.63,1:17.40,1:31.86,1:46.45,2:01.05
outdoor,Budapest (HUN),2023,25 August 2023,29,54,women,800-metres,semi-final,2.0,Rénelle LAMOTE,FRA,30.0,13.67,28.00,44.79,1:01.42,1:17.02,1:31.60,1:46.37,2:01.25
outdoor,Budapest (HUN),2023,25 August 2023,29,54,women,800-metres,semi-final,2.0,Christina HERING,GER,29.0,13.67,28.07,44.77,1:01.47,1:17.15,1:31.84,1:46.54,2:01.66
outdoor,Budapest (HUN),2023,25 August 2023,29,54,women,800-metres,semi-final,2.0,Bianka KÉRI,HUN,29.0,13.73,28.29,45.13,1:01.82,1:17.50,1:31.57,1:46.26,2:01.68
outdoor,Budapest (HUN),2023,25 August 2023,29,56,women,800-metres,semi-final,3.0,Mary MORAA,KEN,23.0,13.47,26.56,41.98,57.35,1:12.58,1:28.11,1:43.50,1:58.48
outdoor,Budapest (HUN),2023,25 August 2023,29,56,women,800-metres,semi-final,3.0,Athing MU,USA,21.0,13.39,26.92,42.09,57.49,1:13.57,1:28.71,1:43.63,1:58.78
outdoor,Budapest (HUN),2023,25 August 2023,29,56,women,800-metres,semi-final,3.0,Halimah NAKAAYI,UGA,29.0,13.40,26.69,42.02,57.36,1:12.64,1:28.04,1:43.56,1:58.89
outdoor,Budapest (HUN),2023,25 August 2023,29,56,women,800-metres,semi-final,3.0,Adelle TRACEY,JAM,30.0,13.80,27.30,42.37,57.77,1:13.10,1:28.58,1:43.91,1:58.99
outdoor,Budapest (HUN),2023,25 August 2023,29,56,women,800-metres,semi-final,3.0,Abbey CALDWELL,AUS,22.0,13.65,27.25,42.10,57.49,1:12.89,1:28.38,1:43.72,1:59.05
outdoor,Budapest (HUN),2023,25 August 2023,29,56,women,800-metres,semi-final,3.0,Eloisa COIRO,ITA,23.0,14.19,27.78,42.27,57.98,1:13.31,1:28.79,1:44.16,1:59.61
outdoor,Budapest (HUN),2023,25 August 2023,29,56,women,800-metres,semi-final,3.0,Jazz SHUKLA,CAN,25.0,13.69,27.57,42.40,57.84,1:13.70,1:29.34,1:44.62,2:00.23
outdoor,Budapest (HUN),2023,25 August 2023,29,56,women,800-metres,semi-final,3.0,Prudence SEKGODISO,RSA,22.0,13.53,27.00,42.18,57.68,1:15.85,1:31.44,1:49.66,2:11.68
outdoor,Budapest (HUN),2023,26 August 2023,32,46,men,800-metres,final,1.0,Marco AROP,CAN,25.0,13.25,25.95,39.82,53.38,1:06.95,1:19.21,1:31.63,1:44.24
outdoor,Budapest (HUN),2023,26 August 2023,32,46,men,800-metres,final,1.0,Emmanuel WANYONYI,KEN,19.0,12.80,25.32,38.82,52.68,1:06.43,1:19.45,1:31.96,1:44.53
outdoor,Budapest (HUN),2023,26 August 2023,32,46,men,800-metres,final,1.0,Ben PATTISON,GBR,22.0,12.63,25.34,39.15,52.86,1:06.60,1:19.71,1:32.22,1:44.83
outdoor,Budapest (HUN),2023,26 August 2023,32,46,men,800-metres,final,1.0,Adrián BEN,ESP,25.0,13.07,25.85,39.58,53.27,1:07.06,1:20.06,1:32.63,1:44.91
outdoor,Budapest (HUN),2023,26 August 2023,32,46,men,800-metres,final,1.0,Slimane MOULA,ALG,24.0,13.06,25.59,39.59,53.25,1:07.06,1:19.79,1:32.57,1:44.95
outdoor,Budapest (HUN),2023,26 August 2023,32,46,men,800-metres,final,1.0,Tshepiso MASALELA,BOT,24.0,12.67,25.54,39.17,52.90,1:06.60,1:19.45,1:32.17,1:45.57
outdoor,Budapest (HUN),2023,26 August 2023,32,46,men,800-metres,final,1.0,Bryce HOPPEL,USA,26.0,12.78,25.66,39.30,53.08,1:06.94,1:19.68,1:32.58,1:46.02
outdoor,Budapest (HUN),2023,27 August 2023,30,49,women,800-metres,final,1.0,Mary MORAA,KEN,23.0,13.39,26.52,41.22,56.07,1:11.40,1:26.32,1:41.37,1:56.03
outdoor,Budapest (HUN),2023,27 August 2023,30,49,women,800-metres,final,1.0,Keely HODGKINSON,GBR,21.0,13.35,26.57,41.22,56.34,1:11.66,1:26.45,1:41.62,1:56.34
outdoor,Budapest (HUN),2023,27 August 2023,30,49,women,800-metres,final,1.0,Athing MU,USA,21.0,13.26,26.51,40.94,56.01,1:11.21,1:26.21,1:41.18,1:56.61
outdoor,Budapest (HUN),2023,27 August 2023,30,49,women,800-metres,final,1.0,Raevyn ROGERS,USA,27.0,13.42,26.97,41.58,56.57,1:12.00,1:27.12,1:42.11,1:57.45
outdoor,Budapest (HUN),2023,27 August 2023,30,49,women,800-metres,final,1.0,Jemma REEKIE,GBR,25.0,13.53,26.55,41.20,56.27,1:11.58,1:26.51,1:41.66,1:57.72
outdoor,Budapest (HUN),2023,27 August 2023,30,49,women,800-metres,final,1.0,Nia AKINS,USA,25.0,13.80,26.90,41.40,56.47,1:11.81,1:26.75,1:41.80,1:57.73
outdoor,Budapest (HUN),2023,27 August 2023,30,49,women,800-metres,final,1.0,Adelle TRACEY,JAM,30.0,13.87,27.25,41.84,56.73,1:12.21,1:27.32,1:42.68,1:58.41
outdoor,Budapest (HUN),2023,27 August 2023,30,49,women,800-metres,final,1.0,Halimah NAKAAYI,UGA,29.0,13.75,26.82,41.43,56.37,1:11.78,1:27.10,1:42.90,1:59.18
outdoor,Oregon (USA),2022,20 July 2022,33,34,men,800-metres,heats,1.0,Emmanuel Kipkurui KORIR,KEN,27.0,13.65,26.78,41.89,57.00,1:11.00,1:23.67,1:36.34,1:49.05
outdoor,Oregon (USA),2022,20 July 2022,33,34,men,800-metres,heats,1.0,Elhassane MOUJAHID,MAR,22.0,13.64,26.95,42.01,57.22,1:11.03,1:23.53,1:36.27,1:49.27
outdoor,Oregon (USA),2022,20 July 2022,33,34,men,800-metres,heats,1.0,Álvaro DE ARRIBA,ESP,28.0,13.58,26.68,41.79,57.08,1:10.80,1:23.54,1:36.40,1:49.30
outdoor,Oregon (USA),2022,20 July 2022,33,34,men,800-metres,heats,1.0,Ermias GIRMA,ETH,17.0,13.73,26.60,41.69,56.90,1:10.80,1:23.58,1:36.27,1:49.36
outdoor,Oregon (USA),2022,20 July 2022,33,34,men,800-metres,heats,1.0,Marc REUTHER,GER,26.0,13.49,26.66,41.63,56.80,1:10.97,1:24.14,1:36.86,1:50.75
outdoor,Oregon (USA),2022,20 July 2022,33,34,men,800-metres,heats,1.0,Manuel Belo Amaral ATAIDE,TLS,21.0,14.47,27.35,42.18,57.50,1:11.73,1:26.63,1:42.73,1:58.91
outdoor,Oregon (USA),2022,20 July 2022,33,34,men,800-metres,heats,2.0,Peter BOL,AUS,28.0,12.88,25.07,38.55,52.31,1:06.06,1:19.34,1:32.35,1:45.50
outdoor,Oregon (USA),2022,20 July 2022,33,34,men,800-metres,heats,2.0,Kyle LANGFORD,GBR,26.0,13.12,25.50,39.08,52.77,1:06.55,1:19.63,1:32.72,1:45.68
outdoor,Oregon (USA),2022,20 July 2022,33,34,men,800-metres,heats,2.0,Mariano GARCÍA,ESP,25.0,12.84,25.08,38.50,52.24,1:06.02,1:19.35,1:32.55,1:45.74
outdoor,Oregon (USA),2022,20 July 2022,33,34,men,800-metres,heats,2.0,Benjamin ROBERT,FRA,25.0,12.92,25.11,38.76,52.46,1:06.18,1:19.39,1:32.45,1:45.94
outdoor,Oregon (USA),2022,20 July 2022,33,34,men,800-metres,heats,2.0,Abedin MUJEZINOVI Ć,BIH,29.0,13.05,25.42,39.14,52.97,1:06.61,1:19.86,1:33.22,1:46.26
outdoor,Oregon (USA),2022,20 July 2022,33,34,men,800-metres,heats,2.0,Donavan BRAZIER,USA,25.0,12.91,25.12,38.67,52.34,1:06.17,1:19.37,1:32.76,1:46.72
outdoor,Oregon (USA),2022,20 July 2022,33,34,men,800-metres,heats,2.0,Patryk SIERADZKI,POL,24.0,12.93,25.25,38.87,52.69,1:06.35,1:19.55,1:33.68,1:48.78
outdoor,Oregon (USA),2022,20 July 2022,33,35,men,800-metres,heats,3.0,Moad ZAHAFI,MAR,24.0,13.06,24.83,38.47,51.97,1:05.60,1:19.31,1:32.58,1:46.15
outdoor,Oregon (USA),2022,20 July 2022,33,35,men,800-metres,heats,3.0,Gabriel TUAL,FRA,24.0,12.72,25.03,39.11,52.77,1:06.51,1:19.40,1:32.70,1:46.34
outdoor,Oregon (USA),2022,20 July 2022,33,35,men,800-metres,heats,3.0,Emmanuel WANYONYI,KEN,18.0,12.62,24.92,39.01,52.76,1:06.39,1:19.64,1:33.25,1:46.45
outdoor,Oregon (USA),2022,20 July 2022,33,35,men,800-metres,heats,3.0,Eliott CRESTAN,BEL,23.0,12.80,25.11,39.24,52.94,1:06.69,1:19.89,1:33.62,1:46.61
outdoor,Oregon (USA),2022,20 July 2022,33,35,men,800-metres,heats,3.0,Bryce HOPPEL,USA,25.0,12.96,25.28,38.87,52.60,1:06.16,1:19.48,1:33.21,1:46.98
outdoor,Oregon (USA),2022,20 July 2022,33,35,men,800-metres,heats,3.0,Mateusz BORKOWSKI,POL,25.0,13.21,25.82,39.29,52.68,1:06.35,1:19.78,1:33.56,1:47.61
outdoor,Oregon (USA),2022,20 July 2022,33,35,men,800-metres,heats,3.0,Navasky ANDERSON,JAM,22.0,13.08,24.86,38.80,52.34,1:05.95,1:19.64,1:33.56,1:48.37
outdoor,Oregon (USA),2022,20 July 2022,33,35,men,800-metres,heats,3.0,Brandon MCBRIDE,CAN,28.0,12.89,29.77,43.56,56.87,1:11.02,1:25.66,1:41.10,1:57.43
outdoor,Oregon (USA),2022,20 July 2022,33,35,men,800-metres,heats,4.0,Djamel SEDJATI,ALG,23.0,13.01,25.95,40.61,54.81,1:08.11,1:20.73,1:33.60,1:46.39
outdoor,Oregon (USA),2022,20 July 2022,33,35,men,800-metres,heats,4.0,Tony VAN DIEPEN,NED,26.0,13.13,25.88,40.39,54.67,1:07.96,1:20.76,1:33.47,1:46.59
outdoor,Oregon (USA),2022,20 July 2022,33,35,men,800-metres,heats,4.0,Abdessalem AYOUNI,TUN,28.0,12.95,26.11,40.79,55.02,1:08.35,1:21.22,1:33.92,1:46.59
outdoor,Oregon (USA),2022,20 July 2022,33,35,men,800-metres,heats,4.0,Adrián BEN,ESP,24.0,13.11,25.88,40.25,54.54,1:07.60,1:20.63,1:33.45,1:46.71
outdoor,Oregon (USA),2022,20 July 2022,33,35,men,800-metres,heats,4.0,Brandon MILLER,USA,19.0,13.08,26.10,40.38,54.65,1:07.77,1:20.85,1:33.95,1:47.29
outdoor,Oregon (USA),2022,20 July 2022,33,35,men,800-metres,heats,4.0,Tshepo TSHITE,RSA,26.0,13.03,25.96,40.64,54.94,1:08.30,1:21.21,1:34.21,1:47.61
outdoor,Oregon (USA),2022,20 July 2022,33,35,men,800-metres,heats,4.0,Brad MATHAS,NZL,29.0,13.05,25.85,40.22,54.46,1:07.55,1:20.62,1:33.61,1:47.70
outdoor,Oregon (USA),2022,20 July 2022,32,35,men,800-metres,heats,5.0,Marco AROP,CAN,24.0,13.10,24.80,38.27,51.60,1:05.03,1:17.96,1:31.10,1:44.56
outdoor,Oregon (USA),2022,20 July 2022,32,35,men,800-metres,heats,5.0,Jesus Tonatiu LOPEZ,MEX,25.0,12.75,25.09,38.59,51.95,1:05.61,1:18.02,1:31.28,1:44.67
outdoor,Oregon (USA),2022,20 July 2022,32,35,men,800-metres,heats,5.0,Mark ENGLISH,IRL,29.0,12.93,24.82,38.13,51.55,1:04.95,1:18.00,1:31.29,1:44.76
outdoor,Oregon (USA),2022,20 July 2022,32,35,men,800-metres,heats,5.0,Cătălin TECUCEANU,ITA,23.0,12.80,25.04,38.39,51.80,1:05.54,1:19.02,1:32.05,1:44.83
outdoor,Oregon (USA),2022,20 July 2022,32,35,men,800-metres,heats,5.0,Noah KIBET,KEN,18.0,13.06,25.14,38.47,51.84,1:05.25,1:18.13,1:31.57,1:45.41
outdoor,Oregon (USA),2022,20 July 2022,32,35,men,800-metres,heats,5.0,Andreas KRAMER,SWE,25.0,12.80,24.83,38.08,51.47,1:04.88,1:18.10,1:31.94,1:45.77
outdoor,Oregon (USA),2022,20 July 2022,32,35,men,800-metres,heats,5.0,Yassine HETHAT,ALG,31.0,12.85,24.88,38.29,51.72,1:05.20,1:18.33,1:31.88,1:46.05
outdoor,Oregon (USA),2022,20 July 2022,32,35,men,800-metres,heats,6.0,Slimane MOULA,ALG,23.0,13.07,25.90,39.02,51.80,1:05.01,1:18.47,1:32.04,1:44.90
outdoor,Oregon (USA),2022,20 July 2022,32,35,men,800-metres,heats,6.0,Wyclife Kinyamal KISASY,KEN,25.0,13.15,26.05,39.07,51.56,1:04.29,1:17.78,1:31.54,1:45.08
outdoor,Oregon (USA),2022,20 July 2022,32,35,men,800-metres,heats,6.0,Abdelati EL GUESSE,MAR,29.0,13.26,26.07,39.38,52.00,1:05.13,1:18.48,1:31.89,1:45.25
outdoor,Oregon (USA),2022,20 July 2022,32,35,men,800-metres,heats,6.0,Daniel ROWDEN,GBR,25.0,13.05,25.61,38.22,50.81,1:03.91,1:17.50,1:31.49,1:45.53
outdoor,Oregon (USA),2022,20 July 2022,32,35,men,800-metres,heats,6.0,Tolesa BODENA,ETH,22.0,13.23,25.85,38.74,51.43,1:04.63,1:17.89,1:31.90,1:45.81
outdoor,Oregon (USA),2022,20 July 2022,32,35,men,800-metres,heats,6.0,Patryk DOBEK,POL,28.0,13.40,25.98,39.19,51.59,1:04.81,1:17.93,1:31.93,1:46.80
outdoor,Oregon (USA),2022,20 July 2022,32,35,men,800-metres,heats,6.0,Žan RUDOLF,SLO,29.0,13.10,25.67,38.50,51.45,1:05.27,1:19.38,1:34.02,1:49.87
outdoor,Oregon (USA),2022,21 July 2022,28,51,women,800-metres,heats,1.0,Diribe WELTEJI,ETH,20.0,14.01,27.96,42.75,57.57,1:12.66,1:27.74,1:43.20,1:58.83
outdoor,Oregon (USA),2022,21 July 2022,28,51,women,800-metres,heats,1.0,Jemma REEKIE,GBR,24.0,13.97,28.19,43.28,58.28,1:13.49,1:28.53,1:43.68,1:59.09
outdoor,Oregon (USA),2022,21 July 2022,28,51,women,800-metres,heats,1.0,Adelle TRACEY,JAM,29.0,14.39,28.25,43.46,58.56,1:13.76,1:28.75,1:43.90,1:59.20
outdoor,Oregon (USA),2022,21 July 2022,28,51,women,800-metres,heats,1.0,Lindsey BUTTERWORTH,CAN,30.0,14.54,28.20,43.47,58.60,1:13.94,1:29.09,1:44.80,2:00.81
outdoor,Oregon (USA),2022,21 July 2022,28,51,women,800-metres,heats,1.0,Jarinter Mawia MWASYA,KEN,26.0,14.08,28.08,43.23,58.21,1:13.44,1:28.83,1:45.30,2:02.35
outdoor,Oregon (USA),2022,21 July 2022,28,51,women,800-metres,heats,1.0,Eveliina MÄÄTTÄNEN,FIN,27.0,14.49,28.02,43.05,58.10,1:13.57,1:28.91,1:44.81,2:02.68
outdoor,Oregon (USA),2022,21 July 2022,28,51,women,800-metres,heats,1.0,Déborah RODRÍGUEZ,URU,30.0,14.18,28.35,43.75,58.62,1:14.26,1:29.73,1:46.34,2:03.04
outdoor,Oregon (USA),2022,21 July 2022,28,51,women,800-metres,heats,1.0,Mariela Luisa REAL,MEX,29.0,14.30,28.41,43.83,59.12,1:14.69,1:30.34,1:46.44,2:03.24
outdoor,Oregon (USA),2022,21 July 2022,28,51,women,800-metres,heats,2.0,Keely HODGKINSON,GBR,20.0,14.04,27.93,42.80,58.07,1:13.59,1:29.53,1:45.02,2:00.88
outdoor,Oregon (USA),2022,21 July 2022,28,51,women,800-metres,heats,2.0,Anita HORVAT,SLO,26.0,14.26,28.14,42.99,58.26,1:13.85,1:29.69,1:45.63,2:01.48
outdoor,Oregon (USA),2022,21 July 2022,28,51,women,800-metres,heats,2.0,Lore HOFFMANN,SUI,26.0,14.83,28.83,43.12,58.36,1:14.01,1:29.87,1:45.75,2:01.63
outdoor,Oregon (USA),2022,21 July 2022,28,51,women,800-metres,heats,2.0,Christina HERING,GER,28.0,14.11,28.09,42.98,58.17,1:13.79,1:29.74,1:45.49,2:01.63
outdoor,Oregon (USA),2022,21 July 2022,28,51,women,800-metres,heats,2.0,Gayanthika ARTIGALA,SRI,36.0,14.45,28.29,43.26,58.65,1:14.49,1:30.75,1:46.37,2:02.35
outdoor,Oregon (USA),2022,21 July 2022,28,51,women,800-metres,heats,2.0,Elena BELLÒ,ITA,26.0,14.51,28.06,42.81,58.10,1:13.66,1:29.65,1:45.42,2:02.78
outdoor,Oregon (USA),2022,21 July 2022,28,51,women,800-metres,heats,3.0,Athing MU,USA,20.0,13.77,28.16,44.27,1:00.37,1:16.08,1:31.41,1:46.70,2:01.30
outdoor,Oregon (USA),2022,21 July 2022,28,51,women,800-metres,heats,3.0,Halimah NAKAAYI,UGA,28.0,13.88,28.23,44.46,1:00.45,1:16.15,1:31.61,1:46.75,2:01.41
outdoor,Oregon (USA),2022,21 July 2022,28,51,women,800-metres,heats,3.0,Ellie BAKER,GBR,24.0,13.94,28.38,44.73,1:00.90,1:16.55,1:31.74,1:46.93,2:01.72
outdoor,Oregon (USA),2022,21 July 2022,28,51,women,800-metres,heats,3.0,Rose Mary ALMANZA,CUB,30.0,13.72,28.19,44.34,1:00.58,1:16.23,1:31.72,1:46.83,2:01.96
outdoor,Oregon (USA),2022,21 July 2022,28,51,women,800-metres,heats,3.0,Olha LYAKHOVA,UKR,30.0,13.87,28.39,44.84,1:00.95,1:16.99,1:32.19,1:47.02,2:02.16
outdoor,Oregon (USA),2022,21 July 2022,28,51,women,800-metres,heats,3.0,Assia RAZIKI,MAR,26.0,13.75,28.29,44.61,1:00.72,1:16.63,1:32.10,1:47.97,2:03.77
outdoor,Oregon (USA),2022,21 July 2022,28,51,women,800-metres,heats,3.0,Tess KIRSOPP-COLE,AUS,23.0,14.10,28.31,44.59,1:00.67,1:16.68,1:31.97,1:48.21,2:05.74
outdoor,Oregon (USA),2022,21 July 2022,28,51,women,800-metres,heats,4.0,Renelle LAMOTE,FRA,29.0,14.29,27.71,43.14,59.01,1:14.99,1:30.32,1:45.65,2:00.71
outdoor,Oregon (USA),2022,21 July 2022,28,51,women,800-metres,heats,4.0,Freweyni HAILU,ETH,21.0,14.71,28.89,43.99,59.22,1:15.28,1:30.59,1:46.09,2:00.93
outdoor,Oregon (USA),2022,21 July 2022,28,51,women,800-metres,heats,4.0,Ajee WILSON,USA,28.0,13.72,27.69,43.07,58.94,1:14.97,1:30.35,1:45.95,2:01.02
outdoor,Oregon (USA),2022,21 July 2022,28,51,women,800-metres,heats,4.0,Alexandra BELL,GBR,30.0,14.11,27.76,43.25,59.03,1:15.02,1:30.37,1:45.77,2:01.25
outdoor,Oregon (USA),2022,21 July 2022,28,51,women,800-metres,heats,4.0,Naomi KORIR,KEN,24.0,14.32,28.36,43.69,59.86,1:15.72,1:30.80,1:46.38,2:01.61
outdoor,Oregon (USA),2022,21 July 2022,28,51,women,800-metres,heats,4.0,Shafiqua MALONEY,VIN,23.0,14.08,28.05,43.48,59.40,1:15.58,1:31.15,1:46.81,2:03.00
outdoor,Oregon (USA),2022,21 July 2022,28,51,women,800-metres,heats,4.0,Addy TOWNSEND,CAN,25.0,14.16,27.97,43.48,59.52,1:15.41,1:31.10,1:46.73,2:03.79
outdoor,Oregon (USA),2022,21 July 2022,28,51,women,800-metres,heats,5.0,Raevyn ROGERS,USA,26.0,13.88,28.14,44.88,1:01.15,1:16.96,1:32.61,1:47.43,2:01.36
outdoor,Oregon (USA),2022,21 July 2022,28,51,women,800-metres,heats,5.0,Habitam ALEMU,ETH,25.0,14.08,28.05,44.35,1:00.74,1:16.70,1:32.09,1:46.92,2:01.37
outdoor,Oregon (USA),2022,21 July 2022,28,51,women,800-metres,heats,5.0,Noélie YARIGO,BEN,37.0,13.80,28.01,44.64,1:00.94,1:16.86,1:32.23,1:47.02,2:01.58
outdoor,Oregon (USA),2022,21 July 2022,28,51,women,800-metres,heats,5.0,Prudence SEKGODISO,RSA,21.0,13.96,28.01,44.69,1:01.00,1:16.91,1:32.08,1:47.01,2:01.60
outdoor,Oregon (USA),2022,21 July 2022,28,51,women,800-metres,heats,5.0,Chrisann GORDON-POWELL,JAM,28.0,13.93,27.96,44.54,1:00.80,1:16.71,1:32.14,1:47.18,2:01.91
outdoor,Oregon (USA),2022,21 July 2022,28,51,women,800-metres,heats,5.0,Madeleine KELLY,CAN,27.0,14.21,28.35,45.00,1:01.35,1:17.20,1:32.68,1:47.79,2:02.71
outdoor,Oregon (USA),2022,21 July 2022,28,51,women,800-metres,heats,5.0,Vanessa SCAUNET,BEL,26.0,14.30,28.87,45.25,1:01.49,1:17.33,1:32.93,1:48.23,2:04.07
outdoor,Oregon (USA),2022,21 July 2022,28,51,women,800-metres,heats,5.0,Claudia HOLLINGSWORTH,AUS,17.0,13.99,28.18,44.86,1:01.23,1:17.11,1:32.73,1:48.26,2:04.11
outdoor,Oregon (USA),2022,21 July 2022,28,51,women,800-metres,heats,6.0,Natoya GOULE,JAM,31.0,14.28,28.25,43.28,58.97,1:14.94,1:30.17,1:45.18,2:00.06
outdoor,Oregon (USA),2022,21 July 2022,28,51,women,800-metres,heats,6.0,Mary MORAA,KEN,22.0,13.39,26.80,42.47,58.99,1:14.91,1:30.50,1:45.57,2:00.42
outdoor,Oregon (USA),2022,21 July 2022,28,51,women,800-metres,heats,6.0,Anna WIELGOSZ,POL,29.0,14.63,28.36,43.43,59.22,1:15.20,1:30.68,1:45.75,2:00.79
outdoor,Oregon (USA),2022,21 July 2022,28,51,women,800-metres,heats,6.0,Majtie KOLBERG,GER,23.0,14.41,28.37,43.36,59.13,1:15.10,1:30.58,1:45.62,2:01.21
outdoor,Oregon (USA),2022,21 July 2022,28,51,women,800-metres,heats,6.0,Louise SHANAHAN,IRL,25.0,14.36,28.51,43.54,59.36,1:15.33,1:30.78,1:46.02,2:01.71
outdoor,Oregon (USA),2022,21 July 2022,28,51,women,800-metres,heats,6.0,Jerneja SMONKAR,SLO,30.0,14.48,28.60,43.71,59.54,1:15.50,1:31.17,1:46.83,2:02.48
outdoor,Oregon (USA),2022,21 July 2022,28,51,women,800-metres,heats,6.0,Nozomi TANAKA,JPN,23.0,15.29,29.55,44.38,59.44,1:15.28,1:30.97,1:47.21,2:03.56
outdoor,Oregon (USA),2022,21 July 2022,28,51,women,800-metres,heats,6.0,Hedda HYNNE,NOR,32.0,14.60,28.58,43.60,59.45,1:15.41,1:31.06,1:47.73,2:06.27
outdoor,Oregon (USA),2022,21 July 2022,28,51,men,800-metres,semi-final,1.0,Emmanuel Kipkurui KORIR,KEN,27.0,13.14,25.09,39.79,53.32,1:06.58,1:19.41,1:32.50,1:45.38
outdoor,Oregon (USA),2022,21 July 2022,28,51,men,800-metres,semi-final,1.0,Wyclife Kinyamal KISASY,KEN,25.0,12.77,24.88,39.44,52.92,1:06.13,1:19.02,1:32.03,1:45.49
outdoor,Oregon (USA),2022,21 July 2022,28,51,men,800-metres,semi-final,1.0,Peter BOL,AUS,28.0,12.75,24.90,39.45,53.05,1:06.24,1:19.07,1:32.12,1:45.58
outdoor,Oregon (USA),2022,21 July 2022,28,51,men,800-metres,semi-final,1.0,Kyle LANGFORD,GBR,26.0,12.95,25.07,39.71,53.34,1:06.85,1:20.00,1:33.04,1:45.91
outdoor,Oregon (USA),2022,21 July 2022,28,51,men,800-metres,semi-final,1.0,Jesus Tonatiu LOPEZ,MEX,25.0,12.71,24.98,39.47,53.16,1:06.67,1:19.80,1:32.74,1:46.17
outdoor,Oregon (USA),2022,21 July 2022,28,51,men,800-metres,semi-final,1.0,Tony VAN DIEPEN,NED,26.0,12.82,24.96,39.63,53.14,1:06.42,1:19.48,1:32.51,1:46.70
outdoor,Oregon (USA),2022,21 July 2022,28,51,men,800-metres,semi-final,1.0,Elhassane MOUJAHID,MAR,22.0,13.52,25.61,39.66,53.31,1:06.50,1:19.35,1:32.75,1:47.18
outdoor,Oregon (USA),2022,21 July 2022,28,51,men,800-metres,semi-final,2.0,Djamel SEDJATI,ALG,23.0,13.19,25.26,39.19,52.70,1:06.09,1:19.32,1:32.28,1:45.44
outdoor,Oregon (USA),2022,21 July 2022,28,51,men,800-metres,semi-final,2.0,Gabriel TUAL,FRA,24.0,12.81,25.08,38.47,52.07,1:05.78,1:19.15,1:32.39,1:45.53
outdoor,Oregon (USA),2022,21 July 2022,28,51,men,800-metres,semi-final,2.0,Daniel ROWDEN,GBR,25.0,13.09,25.18,38.84,52.31,1:05.89,1:19.23,1:32.83,1:46.27
outdoor,Oregon (USA),2022,21 July 2022,28,51,men,800-metres,semi-final,2.0,Cătălin TECUCEANU,ITA,23.0,13.11,25.35,39.28,52.98,1:06.67,1:20.17,1:33.41,1:46.31
outdoor,Oregon (USA),2022,21 July 2022,28,51,men,800-metres,semi-final,2.0,Moad ZAHAFI,MAR,24.0,12.81,24.98,38.73,52.33,1:06.03,1:19.24,1:32.53,1:46.35
outdoor,Oregon (USA),2022,21 July 2022,28,51,men,800-metres,semi-final,2.0,Mariano GARCÍA,ESP,25.0,13.02,25.05,38.96,52.19,1:05.68,1:18.95,1:32.30,1:46.70
outdoor,Oregon (USA),2022,21 July 2022,28,51,men,800-metres,semi-final,2.0,Andreas KRAMER,SWE,25.0,12.89,24.92,38.30,51.91,1:05.63,1:19.12,1:32.57,1:46.71
outdoor,Oregon (USA),2022,21 July 2022,28,51,men,800-metres,semi-final,2.0,Noah KIBET,KEN,18.0,12.79,24.95,38.36,52.02,1:05.60,1:18.98,1:32.31,1:47.15
outdoor,Oregon (USA),2022,21 July 2022,25,57,men,800-metres,semi-final,3.0,Slimane MOULA,ALG,23.0,12.95,25.37,38.61,52.24,1:06.00,1:19.47,1:32.33,1:44.89
outdoor,Oregon (USA),2022,21 July 2022,25,57,men,800-metres,semi-final,3.0,Marco AROP,CAN,24.0,13.56,25.86,39.27,52.44,1:05.93,1:18.98,1:31.79,1:45.12
outdoor,Oregon (USA),2022,21 July 2022,25,57,men,800-metres,semi-final,3.0,Emmanuel WANYONYI,KEN,18.0,12.89,25.23,38.40,52.06,1:05.90,1:18.97,1:32.26,1:45.42
outdoor,Oregon (USA),2022,21 July 2022,25,57,men,800-metres,semi-final,3.0,Benjamin ROBERT,FRA,25.0,12.96,25.35,39.11,52.65,1:06.34,1:19.79,1:32.77,1:45.67
outdoor,Oregon (USA),2022,21 July 2022,25,57,men,800-metres,semi-final,3.0,Mark ENGLISH,IRL,29.0,12.98,25.32,38.75,52.33,1:06.14,1:19.48,1:32.60,1:45.78
outdoor,Oregon (USA),2022,21 July 2022,25,57,men,800-metres,semi-final,3.0,Abdessalem AYOUNI,TUN,28.0,13.00,25.43,39.03,52.51,1:06.26,1:19.62,1:32.69,1:46.08
outdoor,Oregon (USA),2022,21 July 2022,25,57,men,800-metres,semi-final,3.0,Álvaro DE ARRIBA,ESP,28.0,13.15,25.72,39.18,52.80,1:06.52,1:19.87,1:32.93,1:46.30
outdoor,Oregon (USA),2022,21 July 2022,25,57,men,800-metres,semi-final,3.0,Abdelati EL GUESSE,MAR,29.0,13.80,26.22,39.59,52.72,1:06.62,1:20.06,1:33.38,1:46.46
outdoor,Oregon (USA),2022,22 July 2022,25,50,women,800-metres,semi-final,1.0,Mary MORAA,KEN,22.0,13.90,27.51,43.18,59.00,1:14.79,1:30.00,1:45.14,1:59.65
outdoor,Oregon (USA),2022,22 July 2022,25,50,women,800-metres,semi-final,1.0,Ajee WILSON,USA,28.0,13.99,27.98,43.43,59.30,1:15.21,1:30.10,1:45.24,1:59.97
outdoor,Oregon (USA),2022,22 July 2022,25,50,women,800-metres,semi-final,1.0,Adelle TRACEY,JAM,29.0,14.20,28.14,43.76,59.68,1:15.57,1:30.47,1:45.64,2:00.21
outdoor,Oregon (USA),2022,22 July 2022,25,50,women,800-metres,semi-final,1.0,Habitam ALEMU,ETH,25.0,14.00,28.14,43.66,59.55,1:15.42,1:30.16,1:45.30,2:00.37
outdoor,Oregon (USA),2022,22 July 2022,25,50,women,800-metres,semi-final,1.0,Jemma REEKIE,GBR,24.0,13.88,27.94,43.49,59.40,1:15.31,1:30.30,1:45.42,2:00.43
outdoor,Oregon (USA),2022,22 July 2022,25,50,women,800-metres,semi-final,1.0,Renelle LAMOTE,FRA,29.0,14.03,27.96,43.23,59.09,1:14.96,1:30.14,1:45.55,2:00.86
outdoor,Oregon (USA),2022,22 July 2022,25,50,women,800-metres,semi-final,1.0,Lindsey BUTTERWORTH,CAN,30.0,14.44,28.02,43.61,59.49,1:15.45,1:31.03,1:46.07,2:01.39
outdoor,Oregon (USA),2022,22 July 2022,25,50,women,800-metres,semi-final,1.0,Christina HERING,GER,28.0,13.88,27.67,43.26,59.16,1:15.11,1:30.33,1:45.96,2:01.57
outdoor,Oregon (USA),2022,22 July 2022,25,50,women,800-metres,semi-final,2.0,Keely HODGKINSON,GBR,20.0,13.73,27.56,42.51,58.12,1:13.46,1:28.94,1:43.88,1:58.51
outdoor,Oregon (USA),2022,22 July 2022,25,50,women,800-metres,semi-final,2.0,Natoya GOULE,JAM,31.0,13.89,28.04,43.20,58.28,1:13.45,1:28.94,1:43.89,1:58.73
outdoor,Oregon (USA),2022,22 July 2022,25,50,women,800-metres,semi-final,2.0,Raevyn ROGERS,USA,26.0,13.81,27.67,42.69,58.34,1:13.75,1:29.09,1:44.18,1:58.77
outdoor,Oregon (USA),2022,22 July 2022,25,50,women,800-metres,semi-final,2.0,Freweyni HAILU,ETH,21.0,14.24,28.89,43.65,58.68,1:14.39,1:29.43,1:44.97,2:00.11
outdoor,Oregon (USA),2022,22 July 2022,25,50,women,800-metres,semi-final,2.0,Anna WIELGOSZ,POL,29.0,14.20,28.14,43.45,58.62,1:13.92,1:29.38,1:44.79,2:00.51
outdoor,Oregon (USA),2022,22 July 2022,25,50,women,800-metres,semi-final,2.0,Majtie KOLBERG,GER,23.0,13.99,28.07,42.87,58.49,1:14.08,1:29.68,1:45.41,2:01.36
outdoor,Oregon (USA),2022,22 July 2022,25,50,women,800-metres,semi-final,2.0,Noélie YARIGO,BEN,37.0,13.89,27.72,42.72,58.21,1:13.81,1:29.35,1:45.25,2:01.52
outdoor,Oregon (USA),2022,22 July 2022,25,50,women,800-metres,semi-final,2.0,Ellie BAKER,GBR,24.0,13.86,27.46,42.53,58.16,1:13.55,1:29.03,1:45.09,2:02.77
outdoor,Oregon (USA),2022,22 July 2022,25,50,women,800-metres,semi-final,2.0,Catriona BISSET,AUS,28.0,13.86,27.44,42.16,57.33,1:13.01,1:29.25,1:46.60,2:05.20
outdoor,Oregon (USA),2022,22 July 2022,25,50,women,800-metres,semi-final,3.0,Athing MU,USA,20.0,13.92,27.62,42.44,57.32,1:11.95,1:27.14,1:42.41,1:58.12
outdoor,Oregon (USA),2022,22 July 2022,25,50,women,800-metres,semi-final,3.0,Diribe WELTEJI,ETH,20.0,13.82,27.57,42.41,57.10,1:11.93,1:27.15,1:42.46,1:58.16
outdoor,Oregon (USA),2022,22 July 2022,25,50,women,800-metres,semi-final,3.0,Anita HORVAT,SLO,26.0,13.97,27.81,42.70,57.56,1:12.79,1:28.09,1:43.61,1:59.60
outdoor,Oregon (USA),2022,22 July 2022,25,50,women,800-metres,semi-final,3.0,Lore HOFFMANN,SUI,26.0,14.86,29.30,43.80,58.55,1:13.41,1:28.38,1:43.86,1:59.88
outdoor,Oregon (USA),2022,22 July 2022,25,50,women,800-metres,semi-final,3.0,Prudence SEKGODISO,RSA,21.0,13.81,27.92,42.87,58.18,1:13.26,1:28.22,1:43.76,2:00.01
outdoor,Oregon (USA),2022,22 July 2022,25,50,women,800-metres,semi-final,3.0,Elena BELLÒ,ITA,26.0,14.10,27.94,42.93,57.82,1:13.06,1:28.44,1:44.14,2:00.34
outdoor,Oregon (USA),2022,22 July 2022,25,50,women,800-metres,semi-final,3.0,Alexandra BELL,GBR,30.0,14.04,27.66,42.59,57.60,1:12.75,1:28.34,1:44.29,2:00.82
outdoor,Oregon (USA),2022,22 July 2022,25,50,women,800-metres,semi-final,3.0,Halimah NAKAAYI,UGA,28.0,13.70,27.72,42.75,57.73,1:12.91,1:28.20,1:44.17,2:01.05
outdoor,Oregon (USA),2022,22 July 2022,25,50,women,800-metres,semi-final,3.0,Naomi KORIR,KEN,24.0,14.19,28.27,43.20,58.57,1:14.66,1:30.72,1:46.87,2:03.08
outdoor,Oregon (USA),2022,23 July 2022,25,44,men,800-metres,final,1.0,Emmanuel Kipkurui KORIR,KEN,27.0,12.73,25.25,38.89,52.29,1:05.33,1:17.89,1:30.57,1:43.71
outdoor,Oregon (USA),2022,23 July 2022,25,44,men,800-metres,final,1.0,Djamel SEDJATI,ALG,23.0,12.78,25.36,39.03,52.60,1:05.45,1:18.29,1:31.18,1:44.14
outdoor,Oregon (USA),2022,23 July 2022,25,44,men,800-metres,final,1.0,Marco AROP,CAN,24.0,12.84,25.11,38.52,52.04,1:04.88,1:17.55,1:30.50,1:44.28
outdoor,Oregon (USA),2022,23 July 2022,25,44,men,800-metres,final,1.0,Emmanuel WANYONYI,KEN,18.0,12.85,25.51,39.11,52.63,1:05.87,1:18.55,1:31.53,1:44.54
outdoor,Oregon (USA),2022,23 July 2022,25,44,men,800-metres,final,1.0,Slimane MOULA,ALG,23.0,12.71,24.95,38.55,52.17,1:05.35,1:18.35,1:31.53,1:44.85
outdoor,Oregon (USA),2022,23 July 2022,25,44,men,800-metres,final,1.0,Gabriel TUAL,FRA,24.0,12.64,24.96,38.76,52.13,1:05.03,1:17.84,1:31.10,1:45.49
outdoor,Oregon (USA),2022,23 July 2022,25,44,men,800-metres,final,1.0,Peter BOL,AUS,28.0,12.74,25.05,38.64,52.47,1:05.42,1:18.45,1:31.62,1:45.51
outdoor,Oregon (USA),2022,23 July 2022,25,44,men,800-metres,final,1.0,Wyclife Kinyamal KISASY,KEN,25.0,12.71,25.13,38.80,52.28,1:04.99,1:17.83,1:31.08,1:47.07
outdoor,Oregon (USA),2022,24 July 2022,31,40,women,800-metres,final,1.0,Athing MU,USA,20.0,13.44,27.63,42.34,57.16,1:11.96,1:26.79,1:41.74,1:56.30
outdoor,Oregon (USA),2022,24 July 2022,31,40,women,800-metres,final,1.0,Keely HODGKINSON,GBR,20.0,13.42,27.60,42.42,57.32,1:12.14,1:27.12,1:41.71,1:56.38
outdoor,Oregon (USA),2022,24 July 2022,31,40,women,800-metres,final,1.0,Mary MORAA,KEN,22.0,13.56,27.77,42.57,57.46,1:12.23,1:27.28,1:42.21,1:56.71
outdoor,Oregon (USA),2022,24 July 2022,31,40,women,800-metres,final,1.0,Diribe WELTEJI,ETH,20.0,13.63,27.56,42.29,57.09,1:12.01,1:27.36,1:42.15,1:57.02
outdoor,Oregon (USA),2022,24 July 2022,31,40,women,800-metres,final,1.0,Natoya GOULE,JAM,31.0,13.86,28.06,43.30,57.84,1:12.95,1:27.65,1:42.73,1:57.90
outdoor,Oregon (USA),2022,24 July 2022,31,40,women,800-metres,final,1.0,Raevyn ROGERS,USA,26.0,13.76,27.88,42.84,57.87,1:12.70,1:27.53,1:42.80,1:58.26
outdoor,Oregon (USA),2022,24 July 2022,31,40,women,800-metres,final,1.0,Anita HORVAT,SLO,26.0,13.79,27.79,42.71,57.64,1:12.77,1:28.23,1:43.74,1:59.83
outdoor,Oregon (USA),2022,24 July 2022,31,40,women,800-metres,final,1.0,Ajee WILSON,USA,28.0,13.71,27.98,43.04,57.75,1:12.60,1:27.40,1:43.11,2:00.19
indoor,,2025,21 March 2025,,,women,800-metres,heats,1.0,Patricia SILVA,POR,25.0,14.11,29.99,49.52,1:03.26,1:19.72,1:35.11,1:49.93,2:04.44
indoor,,2025,21 March 2025,,,women,800-metres,heats,1.0,Lilian ODIRA,KEN,26.0,14.34,29.86,47.92,1:03.20,1:19.23,1:35.28,1:49.57,2:04.46
indoor,,2025,21 March 2025,,,women,800-metres,heats,1.0,Eloisa COIRO,ITA,24.0,13.56,29.41,47.59,1:03.36,1:18.85,1:35.40,1:49.81,2:04.50
indoor,,2025,21 March 2025,,,women,800-metres,heats,1.0,Halimah NAKAAYI,UGA,30.0,13.36,29.50,45.44,1:03.26,1:18.85,1:35.22,1:49.74,2:04.57
indoor,,2025,21 March 2025,,,women,800-metres,heats,1.0,Wilma NIELSEN,SWE,24.0,14.71,30.03,45.71,1:03.31,1:19.26,1:35.87,1:49.93,2:04.97
indoor,,2025,23 March 2025,,,men,800-metres,final,1.0,Josh HOEY,USA,25.0,12.31,24.60,37.51,50.84,1:03.84,1:17.38,1:30.74,1:44.77
indoor,,2025,23 March 2025,,,men,800-metres,final,1.0,Eliott CRESTAN,BEL,26.0,12.33,24.86,37.74,51.07,1:04.27,1:17.77,1:30.92,1:44.81
indoor,,2025,23 March 2025,,,men,800-metres,final,1.0,Elvin Josué CANALES,ESP,24.0,12.81,25.47,38.37,51.42,1:04.49,1:17.98,1:31.27,1:45.03
indoor,,2025,23 March 2025,,,men,800-metres,final,1.0,Samuel CHAPPLE,NED,26.0,13.16,25.79,38.65,51.80,1:04.96,1:18.45,1:31.78,1:45.55
indoor,,2025,23 March 2025,,,men,800-metres,final,1.0,Brandon MILLER,USA,23.0,12.36,25.02,37.85,50.64,1:03.81,1:17.51,1:31.00,1:46.44
indoor,,2025,23 March 2025,,,men,800-metres,final,1.0,Tom DRADRIGA,UGA,29.0,12.37,25.25,38.18,51.59,1:05.07,1:19.49,1:34.05,1:50.19
indoor,,2025,23 March 2025,,,women,800-metres,final,1.0,Prudence SEKGODISO,RSA,23.0,13.17,27.06,40.93,56.26,1:11.56,1:27.13,1:42.52,1:58.40
indoor,,2025,23 March 2025,,,women,800-metres,final,1.0,Nigist GETACHEW,ETH,23.0,12.91,26.62,40.63,55.88,1:11.37,1:26.93,1:42.70,1:59.63
indoor,,2025,23 March 2025,,,women,800-metres,final,1.0,Patricia SILVA,POR,25.0,13.94,27.66,41.74,56.88,1:12.46,1:28.67,1:44.30,1:59.80
indoor,,2025,23 March 2025,,,women,800-metres,final,1.0,Audrey WERRO,SUI,21.0,13.12,26.86,41.30,56.65,1:12.33,1:28.56,1:43.80,1:59.81
indoor,,2025,23 March 2025,,,women,800-metres,final,1.0,Anna WIELGOSZ,POL,31.0,13.51,27.47,41.85,57.42,1:12.85,1:28.65,1:43.97,2:00.34
indoor,,2025,23 March 2025,,,women,800-metres,final,1.0,Tsige DUGUMA,ETH,24.0,13.07,26.80,40.83,56.09,1:11.52,1:27.40,1:44.62,2:04.76
indoor,Semi-FinalGlasgow (GBR),2024,1 March 2024,,,women,800-metres,heats,1.0,Habitam ALEMU,ETH,27.0,13.95,28.72,44.07,59.95,1:15.56,1:30.83,1:45.45,2:00.50
indoor,Semi-FinalGlasgow (GBR),2024,1 March 2024,,,women,800-metres,heats,1.0,Natoya GOULE-TOPPIN,JAM,33.0,13.98,28.91,44.29,1:00.15,1:15.66,1:31.04,1:45.75,2:00.83
indoor,Semi-FinalGlasgow (GBR),2024,1 March 2024,,,women,800-metres,heats,1.0,Vivian Chebet KIPROTICH,KEN,28.0,14.06,29.01,44.47,1:00.26,1:15.85,1:31.28,1:45.91,2:00.86
indoor,Semi-FinalGlasgow (GBR),2024,1 March 2024,,,women,800-metres,heats,1.0,Angelika SARNA,POL,26.0,14.00,29.09,44.54,1:00.42,1:16.03,1:31.62,1:46.89,2:03.36
indoor,Semi-FinalGlasgow (GBR),2024,1 March 2024,,,women,800-metres,heats,1.0,Bianka KÉRI,HUN,30.0,14.26,29.35,44.74,1:00.28,1:16.10,1:31.97,1:47.37,2:03.95
indoor,Semi-FinalGlasgow (GBR),2024,1 March 2024,,,women,800-metres,heats,2.0,Audrey WERRO,SUI,20.0,14.27,28.95,44.30,59.91,1:15.57,1:31.31,1:46.34,2:01.83
indoor,Semi-FinalGlasgow (GBR),2024,1 March 2024,,,women,800-metres,heats,2.0,Catriona BISSET,AUS,30.0,14.10,28.82,44.21,59.72,1:15.44,1:31.20,1:46.30,2:02.04
indoor,Semi-FinalGlasgow (GBR),2024,1 March 2024,,,women,800-metres,heats,2.0,Eveliina MÄÄTTÄNEN,FIN,28.0,14.30,29.09,44.32,59.98,1:15.61,1:31.49,1:46.72,2:02.57
indoor,Semi-FinalGlasgow (GBR),2024,1 March 2024,,,women,800-metres,heats,2.0,Naomi KORIR,KEN,25.0,14.62,29.31,44.67,1:00.35,1:16.23,1:32.05,1:47.56,2:03.31
indoor,Semi-FinalGlasgow (GBR),2024,1 March 2024,,,women,800-metres,heats,2.0,Claudia Mihaela BOBOCEA,ROU,32.0,15.06,29.55,44.84,1:00.58,1:16.28,1:32.34,1:48.03,2:04.03
indoor,Semi-FinalGlasgow (GBR),2024,1 March 2024,,,women,800-metres,heats,3.0,Jemma REEKIE,GBR,26.0,14.27,28.54,43.42,58.35,1:13.60,1:29.62,1:44.51,1:59.45
indoor,Semi-FinalGlasgow (GBR),2024,1 March 2024,,,women,800-metres,heats,3.0,Eloisa COIRO,ITA,23.0,14.32,28.86,43.59,58.61,1:13.70,1:29.84,1:44.72,1:59.76
indoor,Semi-FinalGlasgow (GBR),2024,1 March 2024,,,women,800-metres,heats,3.0,Lorea IBARZABAL,ESP,29.0,14.41,28.96,43.83,58.91,1:14.01,1:30.11,1:45.02,2:00.56
indoor,Semi-FinalGlasgow (GBR),2024,1 March 2024,,,women,800-metres,heats,3.0,Jazz SHUKLA,CAN,26.0,14.53,29.18,44.21,59.37,1:14.89,1:31.02,1:47.17,2:03.68
indoor,Semi-FinalGlasgow (GBR),2024,1 March 2024,,,women,800-metres,heats,3.0,Flavia Maria DE LIMA,BRA,31.0,14.11,27.92,42.41,57.42,1:13.49,1:30.44,1:47.48,2:05.71
indoor,Semi-FinalGlasgow (GBR),2024,1 March 2024,,,women,800-metres,heats,4.0,Tsige DUGUMA,ETH,23.0,14.15,28.48,43.85,59.75,1:15.81,1:31.05,1:45.87,2:00.50
indoor,Semi-FinalGlasgow (GBR),2024,1 March 2024,,,women,800-metres,heats,4.0,Noélie YARIGO,BEN,38.0,14.11,30.62,44.08,59.97,1:15.78,1:31.18,1:46.08,2:01.13
indoor,Semi-FinalGlasgow (GBR),2024,1 March 2024,,,women,800-metres,heats,4.0,Anna WIELGOSZ,POL,30.0,14.31,28.72,44.18,1:00.16,1:15.89,1:31.55,1:46.34,2:01.58
indoor,Semi-FinalGlasgow (GBR),2024,1 March 2024,,,women,800-metres,heats,4.0,Allie WILSON,USA,28.0,14.45,28.95,44.31,1:01.87,1:16.02,1:31.53,1:46.52,2:01.66
indoor,Semi-FinalGlasgow (GBR),2024,1 March 2024,,,women,800-metres,heats,4.0,Lorena MARTÍN,ESP,27.0,14.69,29.22,44.54,1:00.35,1:16.33,1:31.76,1:46.87,2:02.26
indoor,Semi-FinalGlasgow (GBR),2024,1 March 2024,,,women,800-metres,heats,4.0,Jaqueline Beatriz WEBER,BRA,29.0,14.62,29.11,44.42,1:00.43,1:16.38,1:32.23,1:47.99,2:05.17
indoor,Semi-FinalGlasgow (GBR),2024,1 March 2024,,,women,800-metres,heats,5.0,Halimah NAKAAYI,UGA,29.0,14.17,29.20,45.10,1:01.39,1:17.30,1:33.49,1:47.18,2:02.42
indoor,Semi-FinalGlasgow (GBR),2024,1 March 2024,,,women,800-metres,heats,5.0,Lore HOFFMANN,SUI,28.0,14.47,29.62,45.47,1:01.82,1:17.88,1:33.03,1:47.56,2:02.53
indoor,Semi-FinalGlasgow (GBR),2024,1 March 2024,,,women,800-metres,heats,5.0,Addison WILEY,USA,20.0,14.77,29.61,45.46,1:01.82,1:17.44,1:32.68,1:47.51,2:02.69
indoor,Semi-FinalGlasgow (GBR),2024,1 March 2024,,,women,800-metres,heats,5.0,Isabelle BOFFEY,GBR,24.0,14.37,29.52,45.20,1:01.62,1:17.14,1:32.36,1:47.21,2:02.81
indoor,Semi-FinalGlasgow (GBR),2024,1 March 2024,,,women,800-metres,heats,5.0,Madeleine KELLY,CAN,28.0,14.29,29.39,45.26,1:01.64,1:17.70,1:34.08,1:50.34,2:06.95
indoor,Semi-FinalGlasgow (GBR),2024,1 March 2024,,,men,800-metres,heats,1.0,Mohamed Ali GOUANED,ALG,22.0,12.57,26.12,39.93,53.69,1:06.80,1:19.88,1:33.03,1:46.49
indoor,Semi-FinalGlasgow (GBR),2024,1 March 2024,,,men,800-metres,heats,1.0,Tshepiso MASALELA,BOT,25.0,12.53,26.01,39.75,53.48,1:06.72,1:20.30,1:33.59,1:46.76
indoor,Semi-FinalGlasgow (GBR),2024,1 March 2024,,,men,800-metres,heats,1.0,Collins KIPRUTO,KEN,30.0,12.80,26.36,40.10,53.83,1:07.25,1:20.44,1:33.71,1:46.89
indoor,Semi-FinalGlasgow (GBR),2024,1 March 2024,,,men,800-metres,heats,1.0,James PRESTON,NZL,27.0,12.68,26.06,39.77,53.46,1:06.40,1:19.89,1:33.59,1:47.59
indoor,Semi-FinalGlasgow (GBR),2024,1 March 2024,,,men,800-metres,heats,1.0,Mateusz BORKOWSKI,POL,27.0,12.89,26.56,40.26,53.97,1:07.45,1:20.96,1:34.42,1:48.07
indoor,Semi-FinalGlasgow (GBR),2024,1 March 2024,,,men,800-metres,heats,2.0,Bryce HOPPEL,USA,26.0,12.72,25.64,39.31,53.04,1:06.61,1:19.98,1:32.89,1:46.15
indoor,Semi-FinalGlasgow (GBR),2024,1 March 2024,,,men,800-metres,heats,2.0,Abdelati EL GUESSE,MAR,31.0,12.64,25.49,39.11,52.77,1:06.37,1:19.72,1:32.69,1:46.29
indoor,Semi-FinalGlasgow (GBR),2024,1 March 2024,,,men,800-metres,heats,2.0,Noah KIBET,KEN,20.0,12.77,25.85,39.35,53.20,1:06.83,1:20.20,1:33.21,1:46.90
indoor,Semi-FinalGlasgow (GBR),2024,1 March 2024,,,men,800-metres,heats,2.0,Francesco PERNICI,ITA,21.0,12.67,25.73,39.62,54.81,1:07.04,1:20.49,1:33.68,1:47.38
indoor,Semi-FinalGlasgow (GBR),2024,1 March 2024,,,men,800-metres,heats,2.0,Edose IBADIN,NGR,31.0,12.89,26.15,39.74,53.23,1:07.20,1:20.87,1:33.79,1:48.21
indoor,Semi-FinalGlasgow (GBR),2024,1 March 2024,,,men,800-metres,heats,3.0,Eliott CRESTAN,BEL,25.0,12.58,25.74,39.38,53.22,1:07.00,1:20.51,1:33.48,1:46.79
indoor,Semi-FinalGlasgow (GBR),2024,1 March 2024,,,men,800-metres,heats,3.0,Catalin TECUCEANU,ITA,24.0,12.63,27.52,39.57,55.32,1:07.16,1:20.66,1:33.60,1:47.07
indoor,Semi-FinalGlasgow (GBR),2024,1 March 2024,,,men,800-metres,heats,3.0,Balázs VINDICS,HUN,30.0,12.98,26.53,40.25,54.04,1:07.27,1:20.90,1:34.10,1:47.83
indoor,Semi-FinalGlasgow (GBR),2024,1 March 2024,,,men,800-metres,heats,3.0,John RIVERA,PUR,25.0,12.87,26.34,39.98,55.42,1:07.52,1:21.22,1:34.39,1:48.44
indoor,Semi-FinalGlasgow (GBR),2024,1 March 2024,,,men,800-metres,heats,3.0,Husain Mohsin AL-FARSI,OMA,21.0,13.41,26.78,40.47,54.16,1:07.86,1:22.19,1:34.69,1:48.47
indoor,Semi-FinalGlasgow (GBR),2024,1 March 2024,,,men,800-metres,heats,3.0,Eduardo RIBEIRO,BRA,23.0,12.78,27.52,39.76,53.59,1:07.35,1:21.47,1:35.47,1:49.74
indoor,Semi-FinalGlasgow (GBR),2024,1 March 2024,,,men,800-metres,heats,4.0,Mohamed ATTAOUI,ESP,22.0,13.19,26.33,40.01,52.90,1:05.79,1:18.98,1:32.34,1:46.20
indoor,Semi-FinalGlasgow (GBR),2024,1 March 2024,,,men,800-metres,heats,4.0,Andreas KRAMER,SWE,27.0,12.75,27.75,39.10,52.44,1:05.87,1:19.23,1:32.56,1:46.21
indoor,Semi-FinalGlasgow (GBR),2024,1 March 2024,,,men,800-metres,heats,4.0,Tibo DE SMET,BEL,25.0,12.62,25.61,38.91,52.23,1:05.67,1:18.93,1:32.17,1:46.34
indoor,Semi-FinalGlasgow (GBR),2024,1 March 2024,,,men,800-metres,heats,4.0,Jakub DUDYCHA,CZE,18.0,12.78,26.30,39.59,52.93,1:06.43,1:19.91,1:33.79,1:47.81
indoor,Semi-FinalGlasgow (GBR),2024,1 March 2024,,,men,800-metres,heats,4.0,Efrem MEKONNEN,ETH,23.0,12.66,26.13,39.35,54.05,1:06.15,1:19.64,1:34.25,1:49.71
indoor,Semi-FinalGlasgow (GBR),2024,1 March 2024,,,men,800-metres,heats,4.0,Marino BLOUDEK,CRO,25.0,12.89,26.41,39.87,53.44,1:07.20,1:21.26,1:35.25,1:49.97
indoor,Semi-FinalGlasgow (GBR),2024,1 March 2024,,,men,800-metres,heats,5.0,Mariano GARCÍA,ESP,26.0,12.39,25.52,38.84,52.24,1:05.59,1:18.89,1:32.17,1:45.81
indoor,Semi-FinalGlasgow (GBR),2024,1 March 2024,,,men,800-metres,heats,5.0,Isaiah HARRIS,USA,27.0,12.74,26.09,39.35,52.96,1:05.75,1:19.22,1:32.50,1:46.12
indoor,Semi-FinalGlasgow (GBR),2024,1 March 2024,,,men,800-metres,heats,5.0,Benjamin ROBERT,FRA,26.0,12.47,27.35,38.95,52.50,1:05.79,1:20.60,1:32.67,1:46.16
indoor,Semi-FinalGlasgow (GBR),2024,1 March 2024,,,men,800-metres,heats,5.0,Ryan CLARKE,NED,26.0,12.62,25.80,39.11,52.63,1:05.95,1:20.35,1:32.88,1:46.69
indoor,Semi-FinalGlasgow (GBR),2024,1 March 2024,,,men,800-metres,heats,5.0,Filip ŠNEJDR,CZE,29.0,13.13,26.24,39.58,53.24,1:06.55,1:20.12,1:33.80,1:48.30
indoor,FinalGlasgow (GBR),2024,2 March 2024,,,women,800-metres,semi-final,1.0,Tsige DUGUMA,ETH,23.0,13.93,28.53,43.25,58.49,1:13.54,1:28.94,1:43.67,1:58.35
indoor,FinalGlasgow (GBR),2024,2 March 2024,,,women,800-metres,semi-final,1.0,Noélie YARIGO,BEN,38.0,13.75,28.25,43.04,58.35,1:13.55,1:29.20,1:43.93,1:59.45
indoor,FinalGlasgow (GBR),2024,2 March 2024,,,women,800-metres,semi-final,1.0,Vivian Chebet KIPROTICH,KEN,28.0,14.07,28.60,43.28,58.55,1:13.78,1:29.17,1:44.13,1:59.65
indoor,FinalGlasgow (GBR),2024,2 March 2024,,,women,800-metres,semi-final,1.0,Lore HOFFMANN,SUI,28.0,14.60,29.47,44.64,59.88,1:14.85,1:29.88,1:44.64,2:00.06
indoor,FinalGlasgow (GBR),2024,2 March 2024,,,women,800-metres,semi-final,1.0,Catriona BISSET,AUS,30.0,14.19,29.19,44.52,59.83,1:14.55,1:29.63,1:44.34,2:00.13
indoor,FinalGlasgow (GBR),2024,2 March 2024,,,women,800-metres,semi-final,1.0,Natoya GOULE-TOPPIN,JAM,33.0,13.56,28.00,42.82,58.14,1:13.45,1:28.99,1:44.44,2:01.41
indoor,FinalGlasgow (GBR),2024,2 March 2024,,,women,800-metres,semi-final,2.0,Jemma REEKIE,GBR,26.0,13.93,28.21,42.81,57.59,1:12.40,1:27.67,1:42.79,1:58.28
indoor,FinalGlasgow (GBR),2024,2 March 2024,,,women,800-metres,semi-final,2.0,Habitam ALEMU,ETH,27.0,13.94,27.96,42.61,57.37,1:12.22,1:27.45,1:42.63,1:58.59
indoor,FinalGlasgow (GBR),2024,2 March 2024,,,women,800-metres,semi-final,2.0,Halimah NAKAAYI,UGA,29.0,14.01,28.45,43.03,57.87,1:12.64,1:27.93,1:43.04,1:58.91
indoor,FinalGlasgow (GBR),2024,2 March 2024,,,women,800-metres,semi-final,2.0,Eloisa COIRO,ITA,23.0,14.05,28.90,43.92,58.95,1:13.76,1:29.26,1:44.55,2:00.13
indoor,FinalGlasgow (GBR),2024,2 March 2024,,,women,800-metres,semi-final,2.0,Audrey WERRO,SUI,20.0,14.05,28.80,43.69,58.64,1:13.52,1:28.78,1:44.04,2:00.16
indoor,FinalGlasgow (GBR),2024,2 March 2024,,,women,800-metres,semi-final,2.0,Lorea IBARZABAL,ESP,29.0,14.12,28.65,43.66,59.10,1:13.99,1:29.53,1:44.91,2:00.73
indoor,FinalGlasgow (GBR),2024,2 March 2024,,,men,800-metres,semi-final,1.0,Mariano GARCÍA,ESP,26.0,12.52,26.01,40.12,54.48,1:08.24,1:21.84,1:34.81,1:47.83
indoor,FinalGlasgow (GBR),2024,2 March 2024,,,men,800-metres,semi-final,1.0,Catalin TECUCEANU,ITA,24.0,12.60,25.97,40.19,54.57,1:08.36,1:21.98,1:35.00,1:48.13
indoor,FinalGlasgow (GBR),2024,2 March 2024,,,men,800-metres,semi-final,1.0,Andreas KRAMER,SWE,27.0,12.68,26.35,40.54,54.71,1:08.53,1:22.17,1:35.12,1:48.14
indoor,FinalGlasgow (GBR),2024,2 March 2024,,,men,800-metres,semi-final,1.0,Isaiah HARRIS,USA,27.0,12.56,26.05,40.41,54.84,1:08.64,1:22.32,1:35.08,1:48.18
indoor,FinalGlasgow (GBR),2024,2 March 2024,,,men,800-metres,semi-final,1.0,Tshepiso MASALELA,BOT,25.0,12.66,26.29,40.49,55.06,1:08.63,1:22.53,1:35.32,1:48.44
indoor,FinalGlasgow (GBR),2024,2 March 2024,,,men,800-metres,semi-final,1.0,Tibo DE SMET,BEL,25.0,13.05,26.61,40.74,55.01,1:08.96,1:22.63,1:35.67,1:48.47
indoor,FinalGlasgow (GBR),2024,2 March 2024,,,men,800-metres,semi-final,2.0,Bryce HOPPEL,USA,26.0,12.46,25.12,38.41,52.19,1:05.36,1:18.68,1:31.79,1:45.08
indoor,FinalGlasgow (GBR),2024,2 March 2024,,,men,800-metres,semi-final,2.0,Eliott CRESTAN,BEL,25.0,12.34,24.95,38.31,52.01,1:05.10,1:18.51,1:31.43,1:45.08
indoor,FinalGlasgow (GBR),2024,2 March 2024,,,men,800-metres,semi-final,2.0,Benjamin ROBERT,FRA,26.0,12.37,25.20,38.52,52.35,1:05.61,1:18.93,1:31.97,1:45.28
indoor,FinalGlasgow (GBR),2024,2 March 2024,,,men,800-metres,semi-final,2.0,Abdelati EL GUESSE,MAR,31.0,12.30,24.88,38.12,51.79,1:05.11,1:18.24,1:31.45,1:45.45
indoor,FinalGlasgow (GBR),2024,2 March 2024,,,men,800-metres,semi-final,2.0,Mohamed ATTAOUI,ESP,22.0,12.60,25.46,38.75,52.50,1:05.84,1:19.01,1:31.90,1:45.68
indoor,Glasgow (GBR),2024,3 March 2024,,,men,800-metres,final,1.0,Bryce HOPPEL,USA,26.0,12.36,24.84,37.98,51.49,1:05.05,1:18.63,1:31.85,1:44.92
indoor,Glasgow (GBR),2024,3 March 2024,,,men,800-metres,final,1.0,Andreas KRAMER,SWE,27.0,12.40,25.28,38.27,51.72,1:05.27,1:19.00,1:32.15,1:45.27
indoor,Glasgow (GBR),2024,3 March 2024,,,men,800-metres,final,1.0,Eliott CRESTAN,BEL,25.0,12.11,24.89,37.86,51.47,1:04.92,1:18.49,1:31.59,1:45.32
indoor,Glasgow (GBR),2024,3 March 2024,,,men,800-metres,final,1.0,Catalin TECUCEANU,ITA,24.0,12.30,25.02,38.05,51.65,1:05.42,1:19.15,1:32.55,1:46.39
indoor,Glasgow (GBR),2024,3 March 2024,,,men,800-metres,final,1.0,Mariano GARCÍA,ESP,26.0,12.03,24.66,37.80,51.39,1:04.92,1:18.81,1:32.51,1:48.77
indoor,Glasgow (GBR),2024,3 March 2024,,,women,800-metres,final,1.0,Tsige DUGUMA,ETH,23.0,13.75,29.39,46.68,1:03.39,1:19.14,1:33.99,1:48.29,2:01.90
indoor,Glasgow (GBR),2024,3 March 2024,,,women,800-metres,final,1.0,Jemma REEKIE,GBR,26.0,13.76,29.47,46.64,1:03.44,1:19.11,1:34.13,1:48.42,2:02.72
indoor,Glasgow (GBR),2024,3 March 2024,,,women,800-metres,final,1.0,Noélie YARIGO,BEN,38.0,13.84,29.61,46.78,1:03.52,1:19.28,1:34.25,1:48.62,2:03.15
indoor,Glasgow (GBR),2024,3 March 2024,,,women,800-metres,final,1.0,Vivian Chebet KIPROTICH,KEN,28.0,13.95,29.82,46.80,1:03.54,1:19.29,1:34.32,1:49.11,2:03.76
indoor,Glasgow (GBR),2024,3 March 2024,,,women,800-metres,final,1.0,Habitam ALEMU,ETH,27.0,14.07,29.61,46.81,1:03.52,1:19.25,1:34.19,1:48.58,2:03.89
indoor,Glasgow (GBR),2024,3 March 2024,,,women,800-metres,final,1.0,Halimah NAKAAYI,UGA,29.0,13.98,29.71,47.00,1:03.70,1:19.46,1:34.33,1:49.13,2:05.53
indoor,Belgrade (SRB),2022,18 March 2022,,,men,800-metres,heats,1.0,Noah KIBET,KEN,18.0,12.95,25.99,40.24,54.32,1:08.07,1:21.37,1:34.74,1:48.31
indoor,Belgrade (SRB),2022,18 March 2022,,,men,800-metres,heats,1.0,Bryce HOPPEL,USA,25.0,12.85,25.92,40.17,54.15,1:07.84,1:21.24,1:34.91,1:48.77
indoor,Belgrade (SRB),2022,18 March 2022,,,men,800-metres,heats,1.0,Guy LEARMONTH,GBR,30.0,12.77,25.99,40.16,54.23,1:07.94,1:21.23,1:34.93,1:49.13
indoor,Belgrade (SRB),2022,18 March 2022,,,men,800-metres,heats,1.0,Filip ŠNEJDR,CZE,27.0,12.76,26.10,40.39,54.41,1:08.14,1:21.57,1:35.00,1:49.29
indoor,Belgrade (SRB),2022,18 March 2022,,,men,800-metres,heats,1.0,Aurele VANDEPUTTE,BEL,27.0,12.70,25.82,40.08,53.90,1:07.83,1:21.44,1:35.16,1:49.59
indoor,Belgrade (SRB),2022,18 March 2022,,,men,800-metres,heats,1.0,Quamel PRINCE,GUY,28.0,12.91,26.15,40.38,54.57,1:08.67,1:22.84,1:38.38,1:55.85
indoor,Belgrade (SRB),2022,18 March 2022,,,men,800-metres,heats,2.0,Marco AROP,CAN,23.0,12.41,25.63,39.85,54.18,1:08.36,1:21.70,1:34.48,1:48.13
indoor,Belgrade (SRB),2022,18 March 2022,,,men,800-metres,heats,2.0,Andreas KRAMER,SWE,25.0,12.36,25.56,39.79,53.98,1:08.30,1:21.55,1:34.42,1:48.25
indoor,Belgrade (SRB),2022,18 March 2022,,,men,800-metres,heats,2.0,Mostafa SMAILI,MAR,25.0,12.67,25.75,39.98,54.34,1:08.54,1:21.99,1:34.97,1:48.57
indoor,Belgrade (SRB),2022,18 March 2022,,,men,800-metres,heats,2.0,Balázs VINDICS,HUN,28.0,13.67,26.35,40.31,54.75,1:08.95,1:22.61,1:35.87,1:49.52
indoor,Belgrade (SRB),2022,18 March 2022,,,men,800-metres,heats,2.0,Mark ENGLISH,IRL,29.0,12.79,25.88,40.16,54.55,1:08.79,1:22.49,1:36.46,1:51.35
indoor,Belgrade (SRB),2022,18 March 2022,,,men,800-metres,heats,3.0,Mariano GARCÍA,ESP,24.0,12.86,27.25,41.27,55.10,1:09.04,1:22.33,1:35.33,1:48.32
indoor,Belgrade (SRB),2022,18 March 2022,,,men,800-metres,heats,3.0,Eliott CRESTAN,BEL,23.0,12.95,27.15,41.11,54.78,1:08.61,1:22.24,1:35.27,1:48.53
indoor,Belgrade (SRB),2022,18 March 2022,,,men,800-metres,heats,3.0,Djamel SEDJATI,ALG,23.0,13.07,27.31,41.34,55.21,1:08.78,1:22.37,1:40.50,1:49.22
indoor,Belgrade (SRB),2022,18 March 2022,,,men,800-metres,heats,3.0,Tony VAN DIEPEN,NED,26.0,12.95,27.43,41.49,55.34,1:08.90,1:22.56,1:35.71,1:49.80
indoor,Belgrade (SRB),2022,18 March 2022,,,men,800-metres,heats,3.0,Alex AMANKWA,GHA,30.0,13.15,27.79,41.21,54.95,1:09.08,1:22.84,1:36.22,1:49.96
indoor,Belgrade (SRB),2022,18 March 2022,,,men,800-metres,heats,3.0,Charlie DA'VALL GRICE,GBR,28.0,13.26,27.20,41.18,54.95,1:08.71,1:22.43,1:35.69,1:50.17
indoor,Belgrade (SRB),2022,18 March 2022,,,men,800-metres,heats,4.0,Isaiah HARRIS,USA,25.0,13.39,26.77,40.52,54.13,1:07.42,1:20.65,1:33.52,1:47.00
indoor,Belgrade (SRB),2022,18 March 2022,,,men,800-metres,heats,4.0,Álvaro DE ARRIBA,ESP,28.0,13.44,27.01,40.72,54.37,1:07.62,1:20.93,1:34.39,1:47.97
indoor,Belgrade (SRB),2022,18 March 2022,,,men,800-metres,heats,4.0,Samuel CHAPPLE,NED,23.0,13.55,27.14,40.78,54.57,1:07.89,1:21.26,1:36.12,1:48.09
indoor,Belgrade (SRB),2022,18 March 2022,,,men,800-metres,heats,4.0,Collins KIPRUTO,KEN,28.0,13.19,26.45,40.13,53.70,1:07.44,1:20.79,1:34.10,1:48.18
indoor,Belgrade (SRB),2022,18 March 2022,,,men,800-metres,heats,4.0,Marc REUTHER,GER,26.0,13.24,26.53,40.06,53.92,1:07.57,1:21.08,1:34.17,1:48.63
indoor,Belgrade (SRB),2022,18 March 2022,,,men,800-metres,heats,4.0,Charlie HUNTER,AUS,26.0,13.69,27.30,41.00,54.57,1:07.92,1:21.48,1:35.15,1:49.07
indoor,Belgrade (SRB),2022,19 March 2022,,,women,800-metres,heats,1.0,Natoya GOULE,JAM,31.0,13.76,28.74,43.86,59.32,1:14.98,1:30.61,1:46.02,2:01.65
indoor,Belgrade (SRB),2022,19 March 2022,,,women,800-metres,heats,1.0,Freweyni HAILU,ETH,21.0,14.03,28.50,43.76,59.14,1:15.00,1:30.63,1:46.08,2:01.70
indoor,Belgrade (SRB),2022,19 March 2022,,,women,800-metres,heats,1.0,Jenny SELMAN,GBR,31.0,14.17,29.19,44.46,59.61,1:15.14,1:30.72,1:46.24,2:02.00
indoor,Belgrade (SRB),2022,19 March 2022,,,women,800-metres,heats,1.0,Madeleine KELLY,CAN,26.0,13.92,29.01,44.25,59.78,1:15.45,1:31.15,1:46.48,2:02.06
indoor,Belgrade (SRB),2022,19 March 2022,,,women,800-metres,heats,1.0,Elena BELLÒ,ITA,25.0,14.00,28.89,44.36,59.87,1:15.56,1:31.26,1:46.55,2:02.35
indoor,Belgrade (SRB),2022,19 March 2022,,,women,800-metres,heats,1.0,Olivia BAKER,USA,26.0,14.49,29.37,44.66,59.99,1:15.26,1:30.96,1:46.19,2:02.35
indoor,Belgrade (SRB),2022,19 March 2022,,,women,800-metres,heats,2.0,Ajee WILSON,USA,28.0,14.21,29.66,45.84,1:02.31,1:18.29,1:33.64,1:48.19,2:03.42
indoor,Belgrade (SRB),2022,19 March 2022,,,women,800-metres,heats,2.0,Lorena MARTÍN,ESP,25.0,14.39,29.89,46.07,1:02.50,1:18.64,1:34.33,1:48.74,2:03.85
indoor,Belgrade (SRB),2022,19 March 2022,,,women,800-metres,heats,2.0,Tigist GIRMA,ETH,19.0,14.28,29.77,46.11,1:02.53,1:18.36,1:33.88,1:48.65,2:03.85
indoor,Belgrade (SRB),2022,19 March 2022,,,women,800-metres,heats,2.0,Hedda HYNNE,NOR,32.0,14.36,29.48,45.79,1:02.19,1:18.10,1:33.79,1:48.60,2:04.17
indoor,Belgrade (SRB),2022,19 March 2022,,,women,800-metres,heats,2.0,Síofra CLÉIRIGH BÜTTNER,IRL,27.0,14.48,30.05,46.19,1:02.70,1:18.72,1:34.40,1:50.28,2:06.99
indoor,Belgrade (SRB),2022,19 March 2022,,,women,800-metres,heats,3.0,Habitam ALEMU,ETH,25.0,13.98,28.38,44.26,1:00.15,1:16.07,1:31.41,1:46.16,2:01.12
indoor,Belgrade (SRB),2022,19 March 2022,,,women,800-metres,heats,3.0,Catriona BISSET,AUS,28.0,13.99,28.64,44.38,1:00.31,1:16.11,1:31.50,1:46.21,2:01.24
indoor,Belgrade (SRB),2022,19 March 2022,,,women,800-metres,heats,3.0,Halimah NAKAAYI,UGA,27.0,14.05,28.73,44.60,1:00.38,1:16.14,1:31.58,1:46.26,2:01.47
indoor,Belgrade (SRB),2022,19 March 2022,,,women,800-metres,heats,3.0,Lindsey BUTTERWORTH,CAN,29.0,14.06,28.75,44.54,1:00.49,1:16.46,1:32.41,1:47.23,2:01.99
indoor,Belgrade (SRB),2022,19 March 2022,,,women,800-metres,heats,3.0,Angelika CICHOCKA,POL,34.0,14.14,28.99,44.71,1:00.73,1:16.22,1:31.72,1:46.72,2:02.01
indoor,Belgrade (SRB),2022,19 March 2022,,,women,800-metres,heats,3.0,Naomi KORIR,KEN,24.0,14.23,28.89,44.73,1:00.49,1:16.35,1:32.22,1:47.92,2:03.94
indoor,Belgrade (SRB),2022,19 March 2022,,,men,800-metres,final,1.0,Mariano GARCÍA,ESP,24.0,12.63,25.29,37.66,50.75,1:04.17,1:18.26,1:31.81,1:46.20
indoor,Belgrade (SRB),2022,19 March 2022,,,men,800-metres,final,1.0,Noah KIBET,KEN,18.0,12.35,24.44,37.36,50.83,1:04.49,1:18.38,1:31.94,1:46.35
indoor,Belgrade (SRB),2022,19 March 2022,,,men,800-metres,final,1.0,Bryce HOPPEL,USA,25.0,12.54,24.72,37.55,50.93,1:04.61,1:18.47,1:32.26,1:46.51
indoor,Belgrade (SRB),2022,19 March 2022,,,men,800-metres,final,1.0,Álvaro DE ARRIBA,ESP,28.0,12.40,24.57,37.72,51.19,1:04.93,1:19.07,1:33.25,1:46.58
indoor,Belgrade (SRB),2022,19 March 2022,,,men,800-metres,final,1.0,Andreas KRAMER,SWE,25.0,12.19,24.25,38.76,50.62,1:04.32,1:18.24,1:32.73,1:46.76
indoor,Belgrade (SRB),2022,19 March 2022,,,men,800-metres,final,1.0,Eliott CRESTAN,BEL,23.0,12.46,24.81,38.04,51.41,1:05.06,1:18.91,1:33.94,1:46.78
indoor,Belgrade (SRB),2022,19 March 2022,,,men,800-metres,final,1.0,Isaiah HARRIS,USA,25.0,12.49,25.02,37.79,51.62,1:04.76,1:18.75,1:32.37,1:47.00
indoor,Belgrade (SRB),2022,19 March 2022,,,men,800-metres,final,1.0,Marco AROP,CAN,23.0,12.10,23.97,36.89,50.34,1:04.58,1:17.83,1:31.86,1:47.58
indoor,Belgrade (SRB),2022,20 March 2022,,,women,800-metres,final,1.0,Ajee WILSON,USA,28.0,13.49,28.76,44.20,59.52,1:14.85,1:29.50,1:43.92,1:59.09
indoor,Belgrade (SRB),2022,20 March 2022,,,women,800-metres,final,1.0,Freweyni HAILU,ETH,21.0,13.92,29.10,44.41,59.89,1:14.94,1:30.18,1:45.30,2:00.54
indoor,Belgrade (SRB),2022,20 March 2022,,,women,800-metres,final,1.0,Halimah NAKAAYI,UGA,27.0,13.49,28.50,44.06,59.35,1:14.42,1:29.72,1:44.68,2:00.66
indoor,Belgrade (SRB),2022,20 March 2022,,,women,800-metres,final,1.0,Natoya GOULE,JAM,31.0,13.44,28.24,43.96,59.28,1:14.33,1:29.59,1:44.89,2:01.18
indoor,Belgrade (SRB),2022,20 March 2022,,,women,800-metres,final,1.0,Catriona BISSET,AUS,28.0,13.68,28.78,44.23,59.66,1:14.85,1:29.88,1:44.96,2:01.24
indoor,Belgrade (SRB),2022,20 March 2022,,,women,800-metres,final,1.0,Lindsey BUTTERWORTH,CAN,29.0,14.01,28.97,44.61,1:01.57,1:16.01,1:31.72,1:47.28,2:03.21
indoor,Belgrade (SRB),2022,20 March 2022,,,women,800-metres,final,1.0,Habitam ALEMU,ETH,25.0,13.58,28.65,43.99,59.38,1:14.58,1:29.79,1:46.93,2:03.37
indoor,Belgrade (SRB),2022,20 March 2022,,,women,800-metres,final,1.0,Lorena MARTÍN,ESP,25.0,13.94,29.04,44.41,1:00.01,1:15.37,1:31.08,1:47.27,2:03.93
